"date","symbol","open","high","low","close","volume"
2026-01-01,"AAPL",150.9288,151.2532,150.4405,150.5972,8819
2026-01-02,"AAPL",150.5972,150.6074,150.1857,150.2515,4962
2026-01-03,"AAPL",150.2515,151.9588,149.7228,151.7942,15748
2026-01-04,"AAPL",151.7942,151.9173,149.3467,149.6329,2869
2026-01-05,"AAPL",149.6329,151.4197,149.0349,151.3932,8421
2026-01-06,"AAPL",151.3932,153.4772,150.9858,153.0281,5256
2026-01-07,"AAPL",153.0281,154.0191,152.1266,152.5671,24443
2026-01-08,"AAPL",152.5671,153.5881,151.7601,153.4973,14865
2026-01-09,"AAPL",153.4973,153.7556,152.3312,152.9832,9200
2026-01-10,"AAPL",152.9832,154.7577,152.8807,154.2611,999
2026-01-11,"AAPL",154.2611,154.7261,152.5546,152.7576,26877
2026-01-12,"AAPL",152.7576,156.453,152.7335,156.0995,5379
2026-01-13,"AAPL",156.0995,156.3184,155.7701,155.871,13093
2026-01-14,"AAPL",155.871,157.1014,153.2929,153.5109,14308
2026-01-15,"AAPL",153.5109,153.6886,152.5723,152.7622,5811
2026-01-16,"AAPL",152.7622,152.9234,150.4607,150.65,7718
2026-01-17,"AAPL",150.65,153.5326,150.4516,152.5412,22882
2026-01-18,"AAPL",152.5412,152.6636,148.2124,148.3521,12089
2026-01-19,"AAPL",148.3521,148.6785,147.2948,147.5595,57772
2026-01-20,"AAPL",147.5595,147.6551,146.3541,146.5911,5416
2026-01-21,"AAPL",146.5911,146.7388,144.5746,145.0176,5447
2026-01-22,"AAPL",145.0176,146.1554,144.048,145.8108,5699
2026-01-23,"AAPL",145.8108,146.3896,145.4452,146.2625,8283
2026-01-24,"AAPL",146.2625,146.3946,143.278,144.9714,8044
2026-01-25,"AAPL",144.9714,145.4468,142.6352,143.0508,3882
2026-01-26,"AAPL",143.0508,143.316,142.101,142.3495,8383
2026-01-27,"AAPL",142.3495,142.3609,141.3868,141.8868,3454
2026-01-28,"AAPL",141.8868,144.9114,140.6951,144.7949,15470
2026-01-29,"AAPL",144.7949,145.2717,144.543,145.0563,8722
2026-01-30,"AAPL",145.0563,146.5295,144.7096,146.1917,3848
2026-01-31,"AAPL",146.1917,146.8224,146.0513,146.7979,35556
2026-02-01,"AAPL",146.7979,148.2317,145.8772,145.9621,18833
2026-02-02,"AAPL",145.9621,146.2177,145.9515,146.0457,21689
2026-02-03,"AAPL",146.0457,146.3139,142.9594,143.3739,12619
2026-02-04,"AAPL",143.3739,143.7037,142.7137,143.0761,13946
2026-02-05,"AAPL",143.0761,144.6553,143.0591,144.4378,10480
2026-02-06,"AAPL",144.4378,144.8142,140.4188,140.5909,8621
2026-02-07,"AAPL",140.5909,141.4565,139.8922,139.9885,33929
2026-02-08,"AAPL",139.9885,140.3143,138.6645,139.3429,7243
2026-02-09,"AAPL",139.3429,139.4039,138.4185,139.3994,9091
2026-02-10,"AAPL",139.3994,139.4582,138.0017,138.0811,5945
2026-02-11,"AAPL",138.0811,138.1408,136.3835,136.6707,6535
2026-02-12,"AAPL",136.6707,138.9804,136.4874,138.3487,7873
2026-02-13,"AAPL",138.3487,140.1681,138.0157,140.0998,15523
2026-02-14,"AAPL",140.0998,143.4994,139.5694,142.455,12186
2026-02-15,"AAPL",142.455,142.7716,138.543,138.8903,23403
2026-02-16,"AAPL",138.8903,140.9551,138.1966,140.7307,7161
2026-02-17,"AAPL",140.7307,140.9406,139.9442,140.4375,2784
2026-02-18,"AAPL",140.4375,140.7482,139.9621,140.1514,8651
2026-02-19,"AAPL",140.1514,140.3935,139.5484,140.3593,7709
2026-02-20,"AAPL",140.3593,140.3996,138.6604,139.0799,6597
2026-02-21,"AAPL",139.0799,139.78,138.6276,139.235,18041
2026-02-22,"AAPL",139.235,139.892,136.4887,136.6941,4283
2026-02-23,"AAPL",136.6941,136.8818,135.1569,135.5764,10407
2026-02-24,"AAPL",135.5764,138.9362,134.9262,138.0298,4680
2026-02-25,"AAPL",138.0298,138.4898,137.4547,137.9079,30052
2026-02-26,"AAPL",137.9079,138.5347,136.9299,137.5146,10867
2026-02-27,"AAPL",137.5146,137.9227,137.3735,137.9213,6309
2026-02-28,"AAPL",137.9213,138.1283,137.4099,137.8301,5959
2026-03-01,"AAPL",137.8301,137.928,137.216,137.543,9606
2026-03-02,"AAPL",137.543,138.1679,137.1403,137.4648,13506
2026-03-03,"AAPL",137.4648,139.6389,136.7475,139.2277,11923
2026-03-04,"AAPL",139.2277,140.5265,139.1948,140.35,8243
2026-03-05,"AAPL",140.35,140.3639,140.1793,140.1895,13287
2026-03-06,"AAPL",140.1895,141.9418,140.1618,141.8477,16286
2026-03-07,"AAPL",141.8477,143.0343,141.8245,142.2849,28993
2026-03-08,"AAPL",142.2849,143.2211,142.1816,142.1944,2780
2026-03-09,"AAPL",142.1944,142.2799,140.6086,141.2693,7929
2026-03-10,"AAPL",141.2693,142.4815,140.5153,142.3062,14387
2026-03-11,"AAPL",142.3062,144.3501,141.6606,143.18,3027
2026-03-12,"AAPL",143.18,144.4144,142.5062,144.3951,4785
2026-03-13,"AAPL",144.3951,144.8903,142.3371,142.4153,9529
2026-03-14,"AAPL",142.4153,143.7625,141.9986,143.1826,10235
2026-03-15,"AAPL",143.1826,143.7947,140.7771,140.9957,4220
2026-03-16,"AAPL",140.9957,141.5416,139.4875,139.7466,8585
2026-03-17,"AAPL",139.7466,140.8496,139.2402,139.9747,4027
2026-03-18,"AAPL",139.9747,140.5976,139.2991,139.3266,2386
2026-03-19,"AAPL",139.3266,139.7932,139.2799,139.6485,6070
2026-03-20,"AAPL",139.6485,140.2752,138.3007,138.5459,5757
2026-03-21,"AAPL",138.5459,139.1875,134.4786,134.6621,7332
2026-03-22,"AAPL",134.6621,135.8458,134.5108,135.3652,3869
2026-03-23,"AAPL",135.3652,137.2082,135.0351,136.7884,7550
2026-03-24,"AAPL",136.7884,139.5527,136.4024,139.5148,4414
2026-03-25,"AAPL",139.5148,142.7493,139.0918,142.6496,14984
2026-03-26,"AAPL",142.6496,143.2749,141.7844,142.8375,12166
2026-03-27,"AAPL",142.8375,143.4334,140.6599,141.0376,12549
2026-03-28,"AAPL",141.0376,141.3336,140.6236,141.0156,9693
2026-03-29,"AAPL",141.0156,142.3609,140.6576,141.9335,2877
2026-03-30,"AAPL",141.9335,142.3384,140.6381,140.8813,2222
2026-03-31,"AAPL",140.8813,141.9121,140.281,141.858,6102
2026-04-01,"AAPL",141.858,141.9171,140.3999,140.4445,11655
2026-04-02,"AAPL",140.4445,140.7815,139.1562,139.5319,7757
2026-04-03,"AAPL",139.5319,141.9316,139.4584,141.3368,3323
2026-04-04,"AAPL",141.3368,143.6904,141.2792,143.5313,4871
2026-04-05,"AAPL",143.5313,145.2735,142.9108,145.1022,15374
2026-04-06,"AAPL",145.1022,146.1634,142.8424,143.1243,9222
2026-04-07,"AAPL",143.1243,144.7142,142.5855,144.5244,22438
2026-04-08,"AAPL",144.5244,144.9854,142.9735,143.2369,8046
2026-04-09,"AAPL",143.2369,144.6644,143.099,144.1986,9800
2026-04-10,"AAPL",144.1986,144.5547,142.7458,142.9916,19163
2026-04-11,"AAPL",142.9916,143.1689,141.7798,142.2628,8853
2026-04-12,"AAPL",142.2628,142.68,141.9302,142.5303,7456
2026-04-13,"AAPL",142.5303,142.8109,142.1613,142.383,6319
2026-04-14,"AAPL",142.383,142.7609,140.608,141.0708,7872
2026-04-15,"AAPL",141.0708,141.3679,140.7171,140.9074,11709
2026-04-16,"AAPL",140.9074,142.4894,140.8984,141.6161,5753
2026-04-17,"AAPL",141.6161,143.1595,141.5374,142.7918,17263
2026-04-18,"AAPL",142.7918,146.3629,142.2296,145.5713,2958
2026-04-19,"AAPL",145.5713,147.5711,145.5337,147.0852,8832
2026-04-20,"AAPL",147.0852,147.1374,145.1234,145.442,15952
2026-04-21,"AAPL",145.442,146.3793,145.3169,146.132,5674
2026-04-22,"AAPL",146.132,147.301,146.0282,146.5834,45659
2026-04-23,"AAPL",146.5834,147.2534,145.9268,147.1837,9093
2026-04-24,"AAPL",147.1837,149.1944,147.1564,148.319,16031
2026-04-25,"AAPL",148.319,150.256,148.2082,149.7763,18226
2026-04-26,"AAPL",149.7763,151.0358,149.017,150.7972,3426
2026-04-27,"AAPL",150.7972,152.2528,150.7917,151.8131,2861
2026-04-28,"AAPL",151.8131,152.5737,149.9505,150.2619,1742
2026-04-29,"AAPL",150.2619,150.5076,146.1336,146.7725,2440
2026-04-30,"AAPL",146.7725,148.174,146.7183,147.9536,6554
2026-05-01,"AAPL",147.9536,149.1585,147.5223,149.0674,3527
2026-05-02,"AAPL",149.0674,149.7086,148.0683,148.4733,20521
2026-05-03,"AAPL",148.4733,148.5668,148.1631,148.3453,5586
2026-05-04,"AAPL",148.3453,148.454,147.2689,147.3277,18415
2026-05-05,"AAPL",147.3277,148.0842,147.3139,148.0423,6242
2026-05-06,"AAPL",148.0423,148.5279,146.1047,146.3919,13065
2026-05-07,"AAPL",146.3919,146.6615,145.4484,145.772,6912
2026-05-08,"AAPL",145.772,146.0007,145.6162,145.8025,17560
2026-05-09,"AAPL",145.8025,146.7664,145.3068,146.7298,16833
2026-05-10,"AAPL",146.7298,147.4275,146.5259,147.2092,6316
2026-05-11,"AAPL",147.2092,148.363,147.0192,148.3493,15715
2026-05-12,"AAPL",148.3493,151.8801,147.7546,151.1928,8185
2026-05-13,"AAPL",151.1928,151.5536,149.6423,150.2902,8625
2026-05-14,"AAPL",150.2902,150.5267,149.5348,149.8597,7538
2026-05-15,"AAPL",149.8597,150.2216,148.2955,148.6864,4704
2026-05-16,"AAPL",148.6864,148.8546,146.9288,147.4222,6676
2026-05-17,"AAPL",147.4222,152.8192,146.4301,152.4348,25928
2026-05-18,"AAPL",152.4348,152.6717,152.1647,152.2697,14086
2026-05-19,"AAPL",152.2697,152.524,149.5665,149.6821,14774
2026-05-20,"AAPL",149.6821,149.735,148.4863,149.1039,3293
2026-05-21,"AAPL",149.1039,150.0498,148.5875,149.922,2790
2026-05-22,"AAPL",149.922,150.0819,149.105,149.7727,38230
2026-05-23,"AAPL",149.7727,152.8199,149.3031,152.2853,5099
2026-05-24,"AAPL",152.2853,152.5309,151.4084,152.0539,21213
2026-05-25,"AAPL",152.0539,155.3071,151.6251,154.7792,12891
2026-05-26,"AAPL",154.7792,156.5918,154.373,156.4592,11594
2026-05-27,"AAPL",156.4592,157.4551,155.9725,157.2682,8011
2026-05-28,"AAPL",157.2682,157.7223,156.9678,157.568,8468
2026-05-29,"AAPL",157.568,158.3759,156.982,158.2744,3312
2026-05-30,"AAPL",158.2744,160.5134,158.1532,160.1893,13705
2026-05-31,"AAPL",160.1893,161.6471,159.662,161.0218,2830
2026-06-01,"AAPL",161.0218,161.7279,158.8807,159.4678,10920
2026-06-02,"AAPL",159.4678,160.4,158.1179,158.5085,16155
2026-06-03,"AAPL",158.5085,158.6761,157.6968,158.2166,9846
2026-06-04,"AAPL",158.2166,159.6103,157.947,159.1925,4433
2026-06-05,"AAPL",159.1925,160.2521,158.8313,158.8778,4870
2026-06-06,"AAPL",158.8778,159.4165,158.1846,158.5188,23051
2026-06-07,"AAPL",158.5188,158.9429,157.0594,157.2448,17344
2026-06-08,"AAPL",157.2448,157.2954,156.4976,157.0133,6239
2026-06-09,"AAPL",157.0133,157.0876,153.3953,153.6524,9766
2026-06-10,"AAPL",153.6524,154.3076,153.6033,154.1783,3250
2026-06-11,"AAPL",154.1783,155.1468,153.5262,154.7052,8382
2026-06-12,"AAPL",154.7052,157.9149,154.6724,156.9632,4542
2026-06-13,"AAPL",156.9632,158.3181,156.9064,157.9745,34775
2026-06-14,"AAPL",157.9745,160.3325,157.5937,160.0653,12377
2026-06-15,"AAPL",160.0653,160.8222,158.4074,158.4263,4223
2026-06-16,"AAPL",158.4263,159.1672,157.4464,158.1289,10515
2026-06-17,"AAPL",158.1289,158.4811,158.1273,158.2641,30060
2026-06-18,"AAPL",158.2641,158.5449,156.509,156.8209,8357
2026-06-19,"AAPL",156.8209,157.0293,154.5721,154.8575,23052
2026-06-20,"AAPL",154.8575,155.2321,154.1754,154.4503,4585
2026-06-21,"AAPL",154.4503,155.2697,154.3274,154.5566,3781
2026-06-22,"AAPL",154.5566,159.3931,154.1218,158.7346,6655
2026-06-23,"AAPL",158.7346,158.9588,157.3215,157.3669,19113
2026-06-24,"AAPL",157.3669,159.5081,155.7448,159.338,42429
2026-06-25,"AAPL",159.338,160.1751,158.7709,159.8935,6980
2026-06-26,"AAPL",159.8935,162.7454,159.6369,161.9585,9402
2026-06-27,"AAPL",161.9585,162.4576,161.1382,161.8124,9477
2026-06-28,"AAPL",161.8124,162.1308,159.5538,160.1065,5712
2026-06-29,"AAPL",160.1065,163.9034,159.8975,163.4959,7820
2026-06-30,"AAPL",163.4959,165.0965,162.8567,164.8615,27916
2026-01-01,"AMZN",135.9681,136.3062,134.9699,135.5013,14818
2026-01-02,"AMZN",135.5013,136.1287,134.4837,134.6559,21328
2026-01-03,"AMZN",134.6559,137.2442,134.1989,136.5098,14271
2026-01-04,"AMZN",136.5098,136.9131,133.7821,134.0751,8208
2026-01-05,"AMZN",134.0751,134.4269,132.9537,133.6541,3640
2026-01-06,"AMZN",133.6541,133.8895,133.0699,133.7529,6516
2026-01-07,"AMZN",133.7529,133.9037,132.6264,132.8208,9859
2026-01-08,"AMZN",132.8208,133.3712,131.6669,131.8953,40252
2026-01-09,"AMZN",131.8953,132.9581,131.5958,132.3087,6396
2026-01-10,"AMZN",132.3087,133.4713,131.9193,133.1251,14168
2026-01-11,"AMZN",133.1251,133.8444,132.8322,133.338,9380
2026-01-12,"AMZN",133.338,133.3836,132.9339,133.2775,3568
2026-01-13,"AMZN",133.2775,133.4791,131.5303,132.1516,11649
2026-01-14,"AMZN",132.1516,133.9319,131.8438,132.9529,4682
2026-01-15,"AMZN",132.9529,133.0015,131.6467,131.7169,14597
2026-01-16,"AMZN",131.7169,132.1963,131.4143,131.5552,14182
2026-01-17,"AMZN",131.5552,132.6018,131.1925,132.2135,8996
2026-01-18,"AMZN",132.2135,132.8228,130.5813,130.8369,8106
2026-01-19,"AMZN",130.8369,131.555,130.6622,131.1568,9887
2026-01-20,"AMZN",131.1568,131.2017,130.6767,130.8426,17401
2026-01-21,"AMZN",130.8426,132.1954,130.8363,132.0156,35953
2026-01-22,"AMZN",132.0156,134.4601,132.0079,134.0406,4327
2026-01-23,"AMZN",134.0406,134.2742,132.1451,132.2459,4641
2026-01-24,"AMZN",132.2459,133.2581,131.579,133.2021,30964
2026-01-25,"AMZN",133.2021,133.6019,133.1277,133.2484,8522
2026-01-26,"AMZN",133.2484,133.6063,132.9867,133.3333,5854
2026-01-27,"AMZN",133.3333,134.9356,132.7549,134.8058,12888
2026-01-28,"AMZN",134.8058,135.9942,134.7944,135.5181,36223
2026-01-29,"AMZN",135.5181,135.7409,134.676,135.4403,6264
2026-01-30,"AMZN",135.4403,135.8715,134.8876,135.0428,11381
2026-01-31,"AMZN",135.0428,135.2048,134.5145,134.6263,12979
2026-02-01,"AMZN",134.6263,135.168,134.0411,134.5128,7387
2026-02-02,"AMZN",134.5128,134.967,132.8669,133.4921,20834
2026-02-03,"AMZN",133.4921,135.2267,132.938,135.1115,9060
2026-02-04,"AMZN",135.1115,136.7696,134.4758,135.8395,3896
2026-02-05,"AMZN",135.8395,136.8713,135.7913,136.7515,13822
2026-02-06,"AMZN",136.7515,137.2066,136.3355,136.987,15141
2026-02-07,"AMZN",136.987,137.3072,136.9821,137.2718,11089
2026-02-08,"AMZN",137.2718,138.3266,136.8636,137.4491,12244
2026-02-09,"AMZN",137.4491,139.3123,136.3897,139.1367,17200
2026-02-10,"AMZN",139.1367,139.7129,138.0805,138.5972,9740
2026-02-11,"AMZN",138.5972,139.3076,136.647,137.1008,7252
2026-02-12,"AMZN",137.1008,138.5461,136.9197,137.9431,2052
2026-02-13,"AMZN",137.9431,139.7418,137.609,139.0728,12357
2026-02-14,"AMZN",139.0728,139.15,136.9129,137.2359,5211
2026-02-15,"AMZN",137.2359,138.5939,136.8486,138.4204,9363
2026-02-16,"AMZN",138.4204,138.9134,137.7199,137.8508,5461
2026-02-17,"AMZN",137.8508,138.4207,136.955,137.5911,3035
2026-02-18,"AMZN",137.5911,138.9126,137.1751,138.4267,1565
2026-02-19,"AMZN",138.4267,139.0358,138.1592,138.3812,8565
2026-02-20,"AMZN",138.3812,141.257,138.1878,140.5249,19098
2026-02-21,"AMZN",140.5249,142.1711,139.8889,141.9855,8006
2026-02-22,"AMZN",141.9855,142.1593,139.8914,139.9525,16012
2026-02-23,"AMZN",139.9525,141.1461,139.7945,140.3452,29498
2026-02-24,"AMZN",140.3452,140.7389,139.8965,140.6239,4644
2026-02-25,"AMZN",140.6239,140.6661,139.4007,139.8049,7227
2026-02-26,"AMZN",139.8049,143.7175,139.288,142.735,5410
2026-02-27,"AMZN",142.735,142.8336,139.2002,139.2659,8071
2026-02-28,"AMZN",139.2659,139.5482,137.8383,138.0178,4577
2026-03-01,"AMZN",138.0178,139.4672,137.7503,139.2166,4061
2026-03-02,"AMZN",139.2166,139.4956,137.1924,137.6043,6367
2026-03-03,"AMZN",137.6043,138.0711,135.1969,135.8451,17626
2026-03-04,"AMZN",135.8451,135.8603,133.9889,134.5713,4893
2026-03-05,"AMZN",134.5713,135.3778,133.8454,134.019,5656
2026-03-06,"AMZN",134.019,134.1867,132.7901,133.0159,6041
2026-03-07,"AMZN",133.0159,133.8606,132.8414,133.5424,3255
2026-03-08,"AMZN",133.5424,134.0815,131.3108,131.3537,4819
2026-03-09,"AMZN",131.3537,134.4245,131.3163,134.0268,4372
2026-03-10,"AMZN",134.0268,134.6236,133.7262,134.558,3290
2026-03-11,"AMZN",134.558,134.8545,134.4187,134.6154,8916
2026-03-12,"AMZN",134.6154,134.954,132.8694,132.9429,6591
2026-03-13,"AMZN",132.9429,134.1574,132.0002,133.9265,5871
2026-03-14,"AMZN",133.9265,134.4475,133.8045,133.9708,22694
2026-03-15,"AMZN",133.9708,134.0853,133.3019,133.4049,5812
2026-03-16,"AMZN",133.4049,134.1672,132.9919,133.2398,5667
2026-03-17,"AMZN",133.2398,133.3864,131.8984,132.3923,2445
2026-03-18,"AMZN",132.3923,132.5222,130.1293,130.6803,15310
2026-03-19,"AMZN",130.6803,131.9239,130.6377,131.2089,9784
2026-03-20,"AMZN",131.2089,134.2962,130.6885,133.4994,8614
2026-03-21,"AMZN",133.4994,134.5691,133.0612,134.1515,12244
2026-03-22,"AMZN",134.1515,134.8776,132.1088,133.1711,11610
2026-03-23,"AMZN",133.1711,133.8546,130.0187,130.3833,4649
2026-03-24,"AMZN",130.3833,131.9284,130.3831,131.5652,23330
2026-03-25,"AMZN",131.5652,131.9703,129.5767,129.9586,5695
2026-03-26,"AMZN",129.9586,130.5814,129.3347,130.2857,4877
2026-03-27,"AMZN",130.2857,131.0237,129.8718,130.8354,4818
2026-03-28,"AMZN",130.8354,131.6338,130.8168,131.3516,2338
2026-03-29,"AMZN",131.3516,132.4463,131.2569,132.1079,12406
2026-03-30,"AMZN",132.1079,133.7361,132.1067,133.0206,5538
2026-03-31,"AMZN",133.0206,133.0937,131.4866,131.5443,11796
2026-04-01,"AMZN",131.5443,131.9619,129.6612,129.8298,2503
2026-04-02,"AMZN",129.8298,130.1314,127.2784,127.3299,5766
2026-04-03,"AMZN",127.3299,127.5953,126.9257,127.1232,9501
2026-04-04,"AMZN",127.1232,128.7546,126.5232,128.4358,4437
2026-04-05,"AMZN",128.4358,130.2545,128.4208,129.7857,16234
2026-04-06,"AMZN",129.7857,130.1891,128.6839,128.8437,1667
2026-04-07,"AMZN",128.8437,128.9402,128.4082,128.4666,6620
2026-04-08,"AMZN",128.4666,128.7017,125.9023,126.3744,9478
2026-04-09,"AMZN",126.3744,126.5697,123.6744,124.1978,3593
2026-04-10,"AMZN",124.1978,124.3989,122.6483,122.9469,4831
2026-04-11,"AMZN",122.9469,124.1384,122.6095,123.7764,3911
2026-04-12,"AMZN",123.7764,124.0307,123.0575,123.2923,9088
2026-04-13,"AMZN",123.2923,124.8228,122.8002,124.7868,13096
2026-04-14,"AMZN",124.7868,125.4558,124.4546,125.2297,4313
2026-04-15,"AMZN",125.2297,128.6373,125.0608,127.8805,19700
2026-04-16,"AMZN",127.8805,127.9343,125.6271,126.347,3850
2026-04-17,"AMZN",126.347,126.8722,123.7994,124.391,12911
2026-04-18,"AMZN",124.391,125.6679,124.348,125.2315,6939
2026-04-19,"AMZN",125.2315,125.2531,124.4762,124.6982,10895
2026-04-20,"AMZN",124.6982,124.7914,123.0238,123.2481,4618
2026-04-21,"AMZN",123.2481,123.8117,120.7288,121.3318,13352
2026-04-22,"AMZN",121.3318,121.5005,119.3199,120.3449,12120
2026-04-23,"AMZN",120.3449,120.7737,120.0801,120.2744,11875
2026-04-24,"AMZN",120.2744,121.4785,120.109,121.2987,10574
2026-04-25,"AMZN",121.2987,122.223,120.8694,121.9327,3695
2026-04-26,"AMZN",121.9327,122.134,121.6114,121.834,9422
2026-04-27,"AMZN",121.834,122.0549,121.5686,121.9165,9147
2026-04-28,"AMZN",121.9165,122.4517,121.2532,121.4451,7866
2026-04-29,"AMZN",121.4451,121.8264,121.4176,121.4242,12748
2026-04-30,"AMZN",121.4242,122.6911,120.687,122.5055,14339
2026-05-01,"AMZN",122.5055,122.834,121.3435,121.3876,31498
2026-05-02,"AMZN",121.3876,121.4541,119.4155,119.8788,14257
2026-05-03,"AMZN",119.8788,119.9409,118.8887,118.923,5913
2026-05-04,"AMZN",118.923,119.3296,117.9345,118.6128,7723
2026-05-05,"AMZN",118.6128,118.8092,118.0545,118.5079,8500
2026-05-06,"AMZN",118.5079,119.1345,118.4036,119.1145,14984
2026-05-07,"AMZN",119.1145,119.2799,117.4041,117.7982,17115
2026-05-08,"AMZN",117.7982,118.0765,117.3911,117.467,10040
2026-05-09,"AMZN",117.467,117.5999,116.4404,116.5077,8838
2026-05-10,"AMZN",116.5077,116.5296,115.2896,115.2961,6650
2026-05-11,"AMZN",115.2961,117.5687,114.9232,117.5621,2599
2026-05-12,"AMZN",117.5621,117.9622,116.2542,116.8706,7473
2026-05-13,"AMZN",116.8706,117.6988,116.6193,117.6606,8098
2026-05-14,"AMZN",117.6606,118.3751,115.6278,115.8228,8439
2026-05-15,"AMZN",115.8228,116.9868,115.0842,116.8245,7502
2026-05-16,"AMZN",116.8245,116.9011,114.4922,114.7959,6974
2026-05-17,"AMZN",114.7959,117.5289,114.5727,117.1376,4500
2026-05-18,"AMZN",117.1376,117.6484,116.6199,116.7388,4953
2026-05-19,"AMZN",116.7388,117.2392,116.3636,116.8048,2348
2026-05-20,"AMZN",116.8048,119.004,116.5602,118.2964,27584
2026-05-21,"AMZN",118.2964,119.8971,118.169,119.553,10985
2026-05-22,"AMZN",119.553,120.017,117.8958,118.3126,4914
2026-05-23,"AMZN",118.3126,118.907,117.305,117.4096,5806
2026-05-24,"AMZN",117.4096,118.5336,117.3803,118.4118,11618
2026-05-25,"AMZN",118.4118,118.7771,117.1199,117.6612,11251
2026-05-26,"AMZN",117.6612,117.6694,116.5457,117.0422,3408
2026-05-27,"AMZN",117.0422,117.2976,116.527,116.6033,11094
2026-05-28,"AMZN",116.6033,116.7795,113.6578,113.7117,6766
2026-05-29,"AMZN",113.7117,114.9544,113.5399,114.6385,4906
2026-05-30,"AMZN",114.6385,115.3002,114.6295,114.9536,6922
2026-05-31,"AMZN",114.9536,115.478,114.8983,115.1968,9720
2026-06-01,"AMZN",115.1968,116.7486,114.9337,116.5688,20049
2026-06-02,"AMZN",116.5688,116.6394,114.2189,114.7223,2744
2026-06-03,"AMZN",114.7223,116.2384,114.4344,116.1125,4276
2026-06-04,"AMZN",116.1125,116.9126,115.7332,116.8034,2335
2026-06-05,"AMZN",116.8034,119.9798,116.6564,119.1524,5653
2026-06-06,"AMZN",119.1524,119.9053,118.8209,119.8683,14520
2026-06-07,"AMZN",119.8683,120.0943,118.0468,118.6109,16182
2026-06-08,"AMZN",118.6109,118.8664,116.2208,116.4686,19713
2026-06-09,"AMZN",116.4686,116.752,115.5653,115.6215,12393
2026-06-10,"AMZN",115.6215,116.0784,115.5118,115.6053,13291
2026-06-11,"AMZN",115.6053,115.6965,114.0865,114.3295,3509
2026-06-12,"AMZN",114.3295,114.9718,112.5652,112.9278,5519
2026-06-13,"AMZN",112.9278,114.7486,112.8549,113.985,19867
2026-06-14,"AMZN",113.985,114.419,113.9841,114.3037,5106
2026-06-15,"AMZN",114.3037,114.4637,113.8771,114.375,11238
2026-06-16,"AMZN",114.375,114.9,113.5085,113.7449,5580
2026-06-17,"AMZN",113.7449,114.6021,113.5636,114.4382,6243
2026-06-18,"AMZN",114.4382,117.8984,113.971,117.4711,4256
2026-06-19,"AMZN",117.4711,117.5655,113.5636,113.9069,6727
2026-06-20,"AMZN",113.9069,114.4282,113.4828,113.496,8933
2026-06-21,"AMZN",113.496,114.3322,112.9658,114.2542,9568
2026-06-22,"AMZN",114.2542,114.9988,114.1341,114.1956,9746
2026-06-23,"AMZN",114.1956,114.7816,113.9889,114.6221,7939
2026-06-24,"AMZN",114.6221,115.1716,112.7576,113.1159,7501
2026-06-25,"AMZN",113.1159,113.5262,112.5335,112.7827,18432
2026-06-26,"AMZN",112.7827,113.4181,110.8866,111.0184,8309
2026-06-27,"AMZN",111.0184,111.2379,110.6674,110.8334,9088
2026-06-28,"AMZN",110.8334,111.2289,110.5779,110.5922,22117
2026-06-29,"AMZN",110.5922,111.337,110.2136,110.815,5126
2026-06-30,"AMZN",110.815,112.7356,110.2248,111.8877,4350
2026-01-01,"BONO2027",104.2814,105.5336,104.0756,105.4836,10288
2026-01-02,"BONO2027",105.4836,105.6383,104.8499,104.9843,16277
2026-01-03,"BONO2027",104.9843,105.2579,104.7762,104.8969,6843
2026-01-04,"BONO2027",104.8969,105.1719,103.8895,104.0901,15957
2026-01-05,"BONO2027",104.0901,104.2006,102.1334,102.2017,5334
2026-01-06,"BONO2027",102.2017,103.2617,102.1321,102.7233,6005
2026-01-07,"BONO2027",102.7233,103.0445,102.2986,102.7573,17644
2026-01-08,"BONO2027",102.7573,103.3873,102.0393,102.0739,11086
2026-01-09,"BONO2027",102.0739,104.4451,101.9109,104.0158,7688
2026-01-10,"BONO2027",104.0158,104.3725,103.7946,104.106,13289
2026-01-11,"BONO2027",104.106,104.5876,103.5516,104.2967,19351
2026-01-12,"BONO2027",104.2967,104.8644,102.7648,103.0119,9213
2026-01-13,"BONO2027",103.0119,104.1652,102.8991,103.9932,4239
2026-01-14,"BONO2027",103.9932,104.0276,102.7151,102.8572,7847
2026-01-15,"BONO2027",102.8572,103.0994,101.6959,101.9357,2494
2026-01-16,"BONO2027",101.9357,101.9932,101.4476,101.5717,1505
2026-01-17,"BONO2027",101.5717,103.3544,101.2799,103.2097,6996
2026-01-18,"BONO2027",103.2097,103.2386,102.7327,102.8197,13411
2026-01-19,"BONO2027",102.8197,103.5905,102.657,103.3768,15157
2026-01-20,"BONO2027",103.3768,103.5334,102.1837,102.3528,3756
2026-01-21,"BONO2027",102.3528,103.0602,102.2568,102.7951,5921
2026-01-22,"BONO2027",102.7951,104.0875,102.7589,104.059,1751
2026-01-23,"BONO2027",104.059,104.5592,103.743,104.5383,6583
2026-01-24,"BONO2027",104.5383,104.7668,104.2535,104.4988,12499
2026-01-25,"BONO2027",104.4988,105.4925,104.444,105.4416,16129
2026-01-26,"BONO2027",105.4416,105.649,104.3231,104.9616,5137
2026-01-27,"BONO2027",104.9616,105.0448,104.1367,104.5783,32328
2026-01-28,"BONO2027",104.5783,104.772,103.3382,103.772,6991
2026-01-29,"BONO2027",103.772,104.1112,103.5823,104.1026,16821
2026-01-30,"BONO2027",104.1026,104.3106,103.8342,103.926,30993
2026-01-31,"BONO2027",103.926,104.4837,103.7813,103.9837,13179
2026-02-01,"BONO2027",103.9837,106.1667,103.5042,106.035,5596
2026-02-02,"BONO2027",106.035,106.1141,105.0463,105.358,2586
2026-02-03,"BONO2027",105.358,105.3624,104.0875,104.2846,4808
2026-02-04,"BONO2027",104.2846,104.7856,102.4766,102.4943,2912
2026-02-05,"BONO2027",102.4943,102.9287,100.3884,100.5035,7290
2026-02-06,"BONO2027",100.5035,100.7938,98.7386,98.9265,6342
2026-02-07,"BONO2027",98.9265,100.9202,98.9064,100.8716,33793
2026-02-08,"BONO2027",100.8716,102.0322,100.29,101.7334,11838
2026-02-09,"BONO2027",101.7334,102.7548,101.6632,102.7104,10359
2026-02-10,"BONO2027",102.7104,102.9305,100.9506,101.0164,5878
2026-02-11,"BONO2027",101.0164,101.9484,100.3599,101.6842,13979
2026-02-12,"BONO2027",101.6842,101.9846,100.3578,100.5324,1278
2026-02-13,"BONO2027",100.5324,100.5958,99.4911,99.6662,9359
2026-02-14,"BONO2027",99.6662,99.7134,99.6579,99.666,2652
2026-02-15,"BONO2027",99.666,100.7252,99.6265,100.2629,2917
2026-02-16,"BONO2027",100.2629,100.6639,99.8206,100.0049,16812
2026-02-17,"BONO2027",100.0049,100.2192,99.3403,99.6726,4783
2026-02-18,"BONO2027",99.6726,99.9306,98.6761,99.0291,6146
2026-02-19,"BONO2027",99.0291,99.576,98.7197,98.7772,5931
2026-02-20,"BONO2027",98.7772,98.8489,95.8207,96.188,7962
2026-02-21,"BONO2027",96.188,96.6291,94.8524,95.0702,30207
2026-02-22,"BONO2027",95.0702,95.0988,94.3495,94.9024,12782
2026-02-23,"BONO2027",94.9024,97.0634,94.5496,96.9577,5681
2026-02-24,"BONO2027",96.9577,97.1739,96.0888,96.1029,6140
2026-02-25,"BONO2027",96.1029,96.2134,94.945,95.1475,14452
2026-02-26,"BONO2027",95.1475,95.3367,94.4933,94.8046,2565
2026-02-27,"BONO2027",94.8046,94.8852,92.2554,92.4283,9900
2026-02-28,"BONO2027",92.4283,93.0068,92.3057,92.8419,16674
2026-03-01,"BONO2027",92.8419,94.6231,92.8232,94.5224,3783
2026-03-02,"BONO2027",94.5224,96.3583,94.1501,96.2268,6934
2026-03-03,"BONO2027",96.2268,96.4964,95.3773,95.4723,8680
2026-03-04,"BONO2027",95.4723,95.7815,95.3888,95.6542,1813
2026-03-05,"BONO2027",95.6542,96.8491,95.2147,96.5254,15510
2026-03-06,"BONO2027",96.5254,97.7801,96.0879,97.7196,10465
2026-03-07,"BONO2027",97.7196,98.8587,97.0566,98.5711,2384
2026-03-08,"BONO2027",98.5711,98.5731,96.9971,97.2442,3303
2026-03-09,"BONO2027",97.2442,97.3747,95.3207,95.6005,7190
2026-03-10,"BONO2027",95.6005,96.1258,95.2444,95.9473,6461
2026-03-11,"BONO2027",95.9473,96.5913,95.8688,96.2021,4501
2026-03-12,"BONO2027",96.2021,96.4329,94.1608,94.6743,3070
2026-03-13,"BONO2027",94.6743,95.8087,94.4312,95.4754,17904
2026-03-14,"BONO2027",95.4754,96.3903,95.3879,96.2132,9263
2026-03-15,"BONO2027",96.2132,96.2641,94.9619,94.9767,21959
2026-03-16,"BONO2027",94.9767,95.1235,94.7566,95.0561,4209
2026-03-17,"BONO2027",95.0561,95.2368,94.6686,95.17,6977
2026-03-18,"BONO2027",95.17,95.822,94.6887,94.7808,11511
2026-03-19,"BONO2027",94.7808,96.0316,94.3767,95.8281,10547
2026-03-20,"BONO2027",95.8281,96.0404,94.6099,94.8331,10627
2026-03-21,"BONO2027",94.8331,94.8869,94.8193,94.8745,9075
2026-03-22,"BONO2027",94.8745,95.0764,93.7474,94.0874,5860
2026-03-23,"BONO2027",94.0874,94.49,93.4074,93.584,5878
2026-03-24,"BONO2027",93.584,94.4985,93.4197,94.3646,9505
2026-03-25,"BONO2027",94.3646,94.9819,94.2505,94.7684,5481
2026-03-26,"BONO2027",94.7684,94.781,94.2238,94.4887,10135
2026-03-27,"BONO2027",94.4887,94.4932,93.3244,93.4471,2059
2026-03-28,"BONO2027",93.4471,93.8231,93.4161,93.5216,4777
2026-03-29,"BONO2027",93.5216,93.8734,92.3516,92.6706,8371
2026-03-30,"BONO2027",92.6706,92.6725,92.0357,92.12,4689
2026-03-31,"BONO2027",92.12,92.3873,90.606,90.8707,9124
2026-04-01,"BONO2027",90.8707,91.0385,89.0288,89.5945,29727
2026-04-02,"BONO2027",89.5945,90.0245,87.5961,87.9431,24420
2026-04-03,"BONO2027",87.9431,88.0047,87.5147,87.6299,4795
2026-04-04,"BONO2027",87.6299,87.9063,85.6389,86.162,7843
2026-04-05,"BONO2027",86.162,88.5471,86.0361,88.3749,6656
2026-04-06,"BONO2027",88.3749,88.4647,88.2808,88.4476,4705
2026-04-07,"BONO2027",88.4476,88.4489,87.5308,87.5396,8967
2026-04-08,"BONO2027",87.5396,88.7714,87.3415,88.5608,8554
2026-04-09,"BONO2027",88.5608,88.6583,88.1773,88.3799,5816
2026-04-10,"BONO2027",88.3799,88.4853,88.2124,88.2188,5266
2026-04-11,"BONO2027",88.2188,88.5712,87.3596,87.6504,9102
2026-04-12,"BONO2027",87.6504,87.8478,86.8221,87.2225,6006
2026-04-13,"BONO2027",87.2225,87.2962,85.8258,86.0932,2326
2026-04-14,"BONO2027",86.0932,86.2704,85.8018,85.9149,7094
2026-04-15,"BONO2027",85.9149,86.1898,84.9481,84.9595,6757
2026-04-16,"BONO2027",84.9595,85.279,84.8994,85.1738,6760
2026-04-17,"BONO2027",85.1738,86.7536,85.0989,86.5752,6405
2026-04-18,"BONO2027",86.5752,86.9504,86.3947,86.9485,4452
2026-04-19,"BONO2027",86.9485,87.5282,86.792,87.095,4476
2026-04-20,"BONO2027",87.095,88.0998,87.003,88.0716,2598
2026-04-21,"BONO2027",88.0716,88.3585,87.8528,88.2951,13758
2026-04-22,"BONO2027",88.2951,88.5465,86.6285,86.9395,3388
2026-04-23,"BONO2027",86.9395,87.8195,86.8214,87.7012,7163
2026-04-24,"BONO2027",87.7012,87.7239,87.0063,87.0096,1477
2026-04-25,"BONO2027",87.0096,87.1485,86.3785,86.5422,6197
2026-04-26,"BONO2027",86.5422,86.8745,86.0064,86.04,10253
2026-04-27,"BONO2027",86.04,86.1588,85.4424,85.6238,3936
2026-04-28,"BONO2027",85.6238,85.8674,84.4214,84.7699,5351
2026-04-29,"BONO2027",84.7699,85.875,84.7074,85.4072,14127
2026-04-30,"BONO2027",85.4072,86.3274,85.3486,85.9701,4768
2026-05-01,"BONO2027",85.9701,86.4585,85.3239,85.735,15006
2026-05-02,"BONO2027",85.735,85.8745,84.6244,85.0868,15426
2026-05-03,"BONO2027",85.0868,85.8199,84.9661,85.4223,14376
2026-05-04,"BONO2027",85.4223,86.1407,85.4083,85.6095,10092
2026-05-05,"BONO2027",85.6095,86.0808,85.4235,86.0241,13886
2026-05-06,"BONO2027",86.0241,86.874,85.8955,86.5958,7949
2026-05-07,"BONO2027",86.5958,86.8787,86.2639,86.4415,23535
2026-05-08,"BONO2027",86.4415,87.0273,86.2657,86.7139,11456
2026-05-09,"BONO2027",86.7139,86.7621,85.3688,85.8884,6889
2026-05-10,"BONO2027",85.8884,87.3355,85.8507,87.0971,19601
2026-05-11,"BONO2027",87.0971,87.9074,86.7402,87.7499,8664
2026-05-12,"BONO2027",87.7499,89.5313,87.4409,89.462,12378
2026-05-13,"BONO2027",89.462,89.8094,87.85,88.1349,3342
2026-05-14,"BONO2027",88.1349,89.6691,88.0967,89.6669,11507
2026-05-15,"BONO2027",89.6669,89.7267,88.878,89.0109,16207
2026-05-16,"BONO2027",89.0109,89.1279,87.9952,88.2601,7913
2026-05-17,"BONO2027",88.2601,88.6336,87.9535,88.0333,23934
2026-05-18,"BONO2027",88.0333,88.5594,86.1088,86.1791,4416
2026-05-19,"BONO2027",86.1791,86.4174,86.1286,86.3371,11651
2026-05-20,"BONO2027",86.3371,87.0834,86.0482,86.1134,11757
2026-05-21,"BONO2027",86.1134,87.1387,85.8441,86.9717,14361
2026-05-22,"BONO2027",86.9717,87.3525,86.6784,86.7524,29065
2026-05-23,"BONO2027",86.7524,88.102,86.4264,88.0578,8586
2026-05-24,"BONO2027",88.0578,88.1149,87.2425,87.2729,12772
2026-05-25,"BONO2027",87.2729,88.1347,87.1578,88.118,9957
2026-05-26,"BONO2027",88.118,90.1175,88.0585,89.9586,2094
2026-05-27,"BONO2027",89.9586,91.2031,89.9118,90.5261,5719
2026-05-28,"BONO2027",90.5261,91.1029,90.4404,90.7106,4207
2026-05-29,"BONO2027",90.7106,90.9777,90.3542,90.6755,5180
2026-05-30,"BONO2027",90.6755,90.8112,89.9039,90.2619,4340
2026-05-31,"BONO2027",90.2619,90.3909,89.9663,90.3483,7359
2026-06-01,"BONO2027",90.3483,90.8406,89.3078,89.3294,8582
2026-06-02,"BONO2027",89.3294,92.1129,88.9425,91.8832,4203
2026-06-03,"BONO2027",91.8832,92.0355,91.7888,91.8379,10640
2026-06-04,"BONO2027",91.8379,92.0954,91.1228,91.1906,17551
2026-06-05,"BONO2027",91.1906,91.3551,90.3906,90.4682,4473
2026-06-06,"BONO2027",90.4682,91.3874,90.3132,91.3094,9991
2026-06-07,"BONO2027",91.3094,91.4957,90.9375,91.0319,11233
2026-06-08,"BONO2027",91.0319,92.4662,90.8211,92.3723,3998
2026-06-09,"BONO2027",92.3723,94.3216,92.3034,93.587,5587
2026-06-10,"BONO2027",93.587,94.8831,93.2104,94.4167,6700
2026-06-11,"BONO2027",94.4167,94.7299,94.1908,94.6222,7447
2026-06-12,"BONO2027",94.6222,94.6696,93.5129,93.7755,11668
2026-06-13,"BONO2027",93.7755,94.4119,93.717,94.0855,6827
2026-06-14,"BONO2027",94.0855,94.1148,93.1933,93.5607,8442
2026-06-15,"BONO2027",93.5607,93.8587,92.2818,92.4535,5623
2026-06-16,"BONO2027",92.4535,93.8447,92.1615,93.6141,10652
2026-06-17,"BONO2027",93.6141,93.8211,91.7248,91.809,3715
2026-06-18,"BONO2027",91.809,94.5776,91.4592,94.3858,28474
2026-06-19,"BONO2027",94.3858,94.4866,93.7303,94.0277,2009
2026-06-20,"BONO2027",94.0277,94.1544,93.9282,94.0328,5916
2026-06-21,"BONO2027",94.0328,96.497,93.7346,96.3381,2986
2026-06-22,"BONO2027",96.3381,97.3981,96.1067,97.0322,15145
2026-06-23,"BONO2027",97.0322,97.3795,96.7423,96.8716,6476
2026-06-24,"BONO2027",96.8716,97.0847,95.4704,95.7413,3829
2026-06-25,"BONO2027",95.7413,95.8051,94.8685,94.9354,3573
2026-06-26,"BONO2027",94.9354,95.2665,94.7144,95.1644,8376
2026-06-27,"BONO2027",95.1644,95.7744,95.0568,95.5496,2589
2026-06-28,"BONO2027",95.5496,95.6431,93.8431,94.2874,5518
2026-06-29,"BONO2027",94.2874,94.8896,94.0366,94.7857,11260
2026-06-30,"BONO2027",94.7857,94.9695,94.2691,94.434,44137
2026-01-01,"BONO2030",98.1494,98.284,97.5426,97.7868,12730
2026-01-02,"BONO2030",97.7868,98.653,97.6884,98.2408,3081
2026-01-03,"BONO2030",98.2408,98.4424,97.6159,97.661,5891
2026-01-04,"BONO2030",97.661,97.7559,96.4262,96.5504,42851
2026-01-05,"BONO2030",96.5504,96.6174,94.3189,94.5417,2968
2026-01-06,"BONO2030",94.5417,94.6768,94.1267,94.2396,15625
2026-01-07,"BONO2030",94.2396,94.3925,92.5338,93.0625,6987
2026-01-08,"BONO2030",93.0625,93.8215,92.7669,93.5072,7696
2026-01-09,"BONO2030",93.5072,93.608,91.0774,91.3004,2525
2026-01-10,"BONO2030",91.3004,91.3986,91.0692,91.0699,8368
2026-01-11,"BONO2030",91.0699,93.2877,90.9614,93.1736,5610
2026-01-12,"BONO2030",93.1736,93.3414,92.5312,92.7109,10231
2026-01-13,"BONO2030",92.7109,93.1116,92.1239,92.1299,26186
2026-01-14,"BONO2030",92.1299,94.7602,92.0603,94.429,24085
2026-01-15,"BONO2030",94.429,94.7654,94.2639,94.5396,8530
2026-01-16,"BONO2030",94.5396,94.6812,94.2192,94.2823,9712
2026-01-17,"BONO2030",94.2823,95.127,94.1307,94.614,13302
2026-01-18,"BONO2030",94.614,94.6338,92.5447,92.5937,2022
2026-01-19,"BONO2030",92.5937,92.704,90.9194,91.197,6699
2026-01-20,"BONO2030",91.197,92.8946,90.7139,92.3957,4092
2026-01-21,"BONO2030",92.3957,92.6411,91.8395,91.9187,3079
2026-01-22,"BONO2030",91.9187,93.1593,91.862,92.9951,6696
2026-01-23,"BONO2030",92.9951,94.2171,92.8534,93.8584,7657
2026-01-24,"BONO2030",93.8584,94.6254,93.6456,94.1,14677
2026-01-25,"BONO2030",94.1,94.1954,94.0382,94.1681,3800
2026-01-26,"BONO2030",94.1681,94.5573,94.1378,94.2604,12967
2026-01-27,"BONO2030",94.2604,94.3457,93.4059,93.8139,7586
2026-01-28,"BONO2030",93.8139,93.869,93.2538,93.3392,5414
2026-01-29,"BONO2030",93.3392,94.6299,93.1645,94.0566,10490
2026-01-30,"BONO2030",94.0566,94.3332,91.8993,92.2352,2833
2026-01-31,"BONO2030",92.2352,93.5871,92.1442,93.2917,13922
2026-02-01,"BONO2030",93.2917,93.688,93.2518,93.4914,5599
2026-02-02,"BONO2030",93.4914,94.1792,93.4271,93.9972,8370
2026-02-03,"BONO2030",93.9972,94.5115,93.5867,94.2901,14869
2026-02-04,"BONO2030",94.2901,95.4674,93.8169,95.2713,22837
2026-02-05,"BONO2030",95.2713,96.0287,94.743,95.9515,6474
2026-02-06,"BONO2030",95.9515,97.3029,95.831,96.9167,9952
2026-02-07,"BONO2030",96.9167,96.9617,96.4255,96.6916,16700
2026-02-08,"BONO2030",96.6916,96.8596,96.5314,96.7642,10664
2026-02-09,"BONO2030",96.7642,96.8798,95.5115,96.3175,7199
2026-02-10,"BONO2030",96.3175,96.4276,95.6619,95.8502,10785
2026-02-11,"BONO2030",95.8502,97.0194,95.7393,96.7451,12257
2026-02-12,"BONO2030",96.7451,96.762,95.7439,95.8729,28117
2026-02-13,"BONO2030",95.8729,96.0712,94.6159,94.6184,9014
2026-02-14,"BONO2030",94.6184,94.6252,93.3358,93.6601,10358
2026-02-15,"BONO2030",93.6601,93.7881,92.5307,92.6384,3968
2026-02-16,"BONO2030",92.6384,92.8432,92.0014,92.1733,4492
2026-02-17,"BONO2030",92.1733,92.407,90.1857,90.8241,8686
2026-02-18,"BONO2030",90.8241,91.3279,90.1136,90.2781,8508
2026-02-19,"BONO2030",90.2781,90.5142,90.0595,90.4648,10880
2026-02-20,"BONO2030",90.4648,90.5394,89.9149,90.07,6714
2026-02-21,"BONO2030",90.07,90.3001,89.4715,89.7259,10195
2026-02-22,"BONO2030",89.7259,91.0993,89.6225,91.0554,28010
2026-02-23,"BONO2030",91.0554,91.2969,90.902,90.9887,22208
2026-02-24,"BONO2030",90.9887,91.0471,90.5145,90.7694,4194
2026-02-25,"BONO2030",90.7694,90.9032,89.4099,89.7364,7894
2026-02-26,"BONO2030",89.7364,89.7675,88.8083,89.1126,2371
2026-02-27,"BONO2030",89.1126,89.4408,88.0047,88.5298,9042
2026-02-28,"BONO2030",88.5298,89.0697,87.8831,87.9122,11672
2026-03-01,"BONO2030",87.9122,90.8078,87.7417,90.6575,21278
2026-03-02,"BONO2030",90.6575,90.6959,90.0626,90.4062,3252
2026-03-03,"BONO2030",90.4062,90.7566,89.2701,89.5603,14020
2026-03-04,"BONO2030",89.5603,89.8861,88.1247,88.1794,31250
2026-03-05,"BONO2030",88.1794,88.8249,87.9324,88.5559,14412
2026-03-06,"BONO2030",88.5559,89.0062,88.3817,88.9012,5906
2026-03-07,"BONO2030",88.9012,89.1239,87.9509,87.9925,2710
2026-03-08,"BONO2030",87.9925,88.2643,86.6562,86.9887,5459
2026-03-09,"BONO2030",86.9887,88.0141,86.8531,87.8917,10873
2026-03-10,"BONO2030",87.8917,88.066,86.6619,86.9349,4356
2026-03-11,"BONO2030",86.9349,87.111,86.23,86.3815,17156
2026-03-12,"BONO2030",86.3815,86.948,86.3223,86.8689,1239
2026-03-13,"BONO2030",86.8689,88.4557,86.6618,88.0166,17037
2026-03-14,"BONO2030",88.0166,88.1447,87.4485,87.6241,9730
2026-03-15,"BONO2030",87.6241,88.5804,87.6009,88.3935,1545
2026-03-16,"BONO2030",88.3935,90.0223,88.1644,89.8639,12230
2026-03-17,"BONO2030",89.8639,91.7694,89.6681,91.6771,6174
2026-03-18,"BONO2030",91.6771,92.5519,91.3871,92.0183,15580
2026-03-19,"BONO2030",92.0183,92.1958,90.115,90.2998,8559
2026-03-20,"BONO2030",90.2998,90.3526,89.0923,89.3178,27579
2026-03-21,"BONO2030",89.3178,89.5151,88.2541,88.6471,8693
2026-03-22,"BONO2030",88.6471,88.7632,87.7762,87.7877,6059
2026-03-23,"BONO2030",87.7877,88.2295,87.6113,88.0888,6053
2026-03-24,"BONO2030",88.0888,88.3144,87.6989,87.8365,12267
2026-03-25,"BONO2030",87.8365,87.979,87.3139,87.5739,7204
2026-03-26,"BONO2030",87.5739,87.8812,87.1162,87.4904,27095
2026-03-27,"BONO2030",87.4904,87.7831,87.3438,87.7755,4780
2026-03-28,"BONO2030",87.7755,88.0008,86.9508,87.0418,19121
2026-03-29,"BONO2030",87.0418,88.2566,86.856,87.6167,8782
2026-03-30,"BONO2030",87.6167,87.8471,87.3664,87.7834,12401
2026-03-31,"BONO2030",87.7834,88.2201,87.4837,87.9297,13711
2026-04-01,"BONO2030",87.9297,88.2546,87.6526,87.7882,12353
2026-04-02,"BONO2030",87.7882,88.0282,86.887,86.9294,52981
2026-04-03,"BONO2030",86.9294,86.9416,86.8925,86.924,2490
2026-04-04,"BONO2030",86.924,87.9529,86.7119,87.7434,5366
2026-04-05,"BONO2030",87.7434,88.5844,87.3268,88.1196,2141
2026-04-06,"BONO2030",88.1196,88.7111,87.5605,88.5335,7335
2026-04-07,"BONO2030",88.5335,88.9741,88.1902,88.6491,12103
2026-04-08,"BONO2030",88.6491,88.911,87.1351,87.3282,8820
2026-04-09,"BONO2030",87.3282,87.3475,86.9311,87.1217,2368
2026-04-10,"BONO2030",87.1217,87.8589,87.0971,87.6978,17241
2026-04-11,"BONO2030",87.6978,90.3484,87.6713,90.2581,4282
2026-04-12,"BONO2030",90.2581,90.526,89.1808,89.2123,14693
2026-04-13,"BONO2030",89.2123,89.2728,87.6152,87.6811,5350
2026-04-14,"BONO2030",87.6811,87.726,86.3418,86.9532,5746
2026-04-15,"BONO2030",86.9532,87.0101,85.6819,85.829,5126
2026-04-16,"BONO2030",85.829,85.9984,85.8006,85.9571,8670
2026-04-17,"BONO2030",85.9571,86.9045,85.6051,86.5788,8108
2026-04-18,"BONO2030",86.5788,86.9688,86.3916,86.41,4896
2026-04-19,"BONO2030",86.41,86.5479,85.7233,85.783,5408
2026-04-20,"BONO2030",85.783,85.9216,84.1042,84.2136,10952
2026-04-21,"BONO2030",84.2136,84.4485,83.9429,84.3633,10124
2026-04-22,"BONO2030",84.3633,84.368,82.824,82.9339,3290
2026-04-23,"BONO2030",82.9339,83.0372,81.7515,81.8725,5146
2026-04-24,"BONO2030",81.8725,82.3397,81.0649,81.2274,2041
2026-04-25,"BONO2030",81.2274,81.7102,79.634,80.1807,7726
2026-04-26,"BONO2030",80.1807,80.5853,80.0787,80.2982,7513
2026-04-27,"BONO2030",80.2982,80.8139,80.1505,80.613,21919
2026-04-28,"BONO2030",80.613,82.7988,80.5622,82.5014,6192
2026-04-29,"BONO2030",82.5014,83.5836,82.4778,83.3942,6070
2026-04-30,"BONO2030",83.3942,84.0522,83.0054,83.1465,18918
2026-05-01,"BONO2030",83.1465,83.3198,82.856,83.1706,31137
2026-05-02,"BONO2030",83.1706,83.3123,82.4738,82.791,5952
2026-05-03,"BONO2030",82.791,83.7045,82.643,83.395,6715
2026-05-04,"BONO2030",83.395,84.1066,83.175,83.9169,2939
2026-05-05,"BONO2030",83.9169,85.424,83.6518,85.0888,1141
2026-05-06,"BONO2030",85.0888,86.7568,84.93,86.5409,2331
2026-05-07,"BONO2030",86.5409,86.7023,85.8626,86.2029,2155
2026-05-08,"BONO2030",86.2029,87.2724,86.1722,87.0486,22065
2026-05-09,"BONO2030",87.0486,87.7324,86.8454,87.5088,6490
2026-05-10,"BONO2030",87.5088,88.6501,87.4482,88.4457,14705
2026-05-11,"BONO2030",88.4457,89.3921,88.149,89.2631,2660
2026-05-12,"BONO2030",89.2631,90.1372,89.1073,89.9425,26430
2026-05-13,"BONO2030",89.9425,90.8173,89.8969,90.1461,8817
2026-05-14,"BONO2030",90.1461,90.9308,89.9076,90.9035,1171
2026-05-15,"BONO2030",90.9035,92.6349,90.4032,92.3274,4051
2026-05-16,"BONO2030",92.3274,92.5985,91.6379,92.1382,11541
2026-05-17,"BONO2030",92.1382,92.2063,91.4136,91.4203,1857
2026-05-18,"BONO2030",91.4203,91.44,91.1438,91.1761,6001
2026-05-19,"BONO2030",91.1761,91.3322,90.5555,90.7631,20778
2026-05-20,"BONO2030",90.7631,91.2336,89.9611,90.4329,6397
2026-05-21,"BONO2030",90.4329,90.5934,90.2085,90.4068,6099
2026-05-22,"BONO2030",90.4068,92.1005,90.209,92.0212,3867
2026-05-23,"BONO2030",92.0212,92.1217,91.5451,91.566,13580
2026-05-24,"BONO2030",91.566,92.1837,91.3725,91.9333,4265
2026-05-25,"BONO2030",91.9333,92.471,91.7929,92.4628,27845
2026-05-26,"BONO2030",92.4628,93.2558,92.1734,93.1254,10530
2026-05-27,"BONO2030",93.1254,93.6143,92.8277,93.3695,7548
2026-05-28,"BONO2030",93.3695,93.6195,91.5021,91.7537,11286
2026-05-29,"BONO2030",91.7537,92.3559,91.6215,92.2154,8268
2026-05-30,"BONO2030",92.2154,93.9828,92.0558,93.9184,20083
2026-05-31,"BONO2030",93.9184,93.984,92.4848,92.5052,10763
2026-06-01,"BONO2030",92.5052,92.6267,91.8863,92.2636,59568
2026-06-02,"BONO2030",92.2636,92.3711,91.1855,91.4253,23917
2026-06-03,"BONO2030",91.4253,91.5364,90.2761,90.3562,4536
2026-06-04,"BONO2030",90.3562,90.5834,88.8074,89.2322,7630
2026-06-05,"BONO2030",89.2322,89.7193,88.7718,88.8095,2360
2026-06-06,"BONO2030",88.8095,89.0227,87.9247,88.0277,2583
2026-06-07,"BONO2030",88.0277,88.0461,87.7527,87.7734,4867
2026-06-08,"BONO2030",87.7734,87.8397,87.6044,87.7298,7928
2026-06-09,"BONO2030",87.7298,87.741,86.8019,86.8855,9917
2026-06-10,"BONO2030",86.8855,88.1015,86.6678,87.7716,37906
2026-06-11,"BONO2030",87.7716,88.1437,86.1392,86.5558,6134
2026-06-12,"BONO2030",86.5558,87.8726,86.2256,87.7112,5082
2026-06-13,"BONO2030",87.7112,88.6276,87.6726,88.4953,10307
2026-06-14,"BONO2030",88.4953,89.9335,88.2336,89.7105,21564
2026-06-15,"BONO2030",89.7105,90.2807,89.4259,89.4669,5284
2026-06-16,"BONO2030",89.4669,89.612,89.2555,89.6087,5186
2026-06-17,"BONO2030",89.6087,89.8293,88.4589,88.7569,2270
2026-06-18,"BONO2030",88.7569,89.3686,88.6572,89.1111,4225
2026-06-19,"BONO2030",89.1111,89.1821,88.1275,88.3967,9475
2026-06-20,"BONO2030",88.3967,89.0896,88.3034,88.8124,22036
2026-06-21,"BONO2030",88.8124,88.9946,87.4991,87.8579,29183
2026-06-22,"BONO2030",87.8579,88.2913,86.5683,87.0668,6974
2026-06-23,"BONO2030",87.0668,87.2153,85.899,86.0029,1452
2026-06-24,"BONO2030",86.0029,87.201,85.6718,86.787,8779
2026-06-25,"BONO2030",86.787,89.1035,86.55,88.8379,17272
2026-06-26,"BONO2030",88.8379,89.1705,88.4743,88.5736,8241
2026-06-27,"BONO2030",88.5736,89.3574,88.5113,89.1244,4679
2026-06-28,"BONO2030",89.1244,89.2813,88.7775,88.8755,14843
2026-06-29,"BONO2030",88.8755,89.2551,88.7991,89.0506,7733
2026-06-30,"BONO2030",89.0506,89.1558,88.8751,89.0779,11611
2026-01-01,"DOLAR",1.08,1.0824,1.0626,1.0694,6599
2026-01-02,"DOLAR",1.0694,1.0843,1.0661,1.0801,3167
2026-01-03,"DOLAR",1.0801,1.0861,1.0761,1.0823,4339
2026-01-04,"DOLAR",1.0823,1.0827,1.0739,1.0769,24563
2026-01-05,"DOLAR",1.0769,1.077,1.0503,1.054,7307
2026-01-06,"DOLAR",1.054,1.0592,1.0538,1.0582,16978
2026-01-07,"DOLAR",1.0582,1.0637,1.057,1.063,16964
2026-01-08,"DOLAR",1.063,1.0649,1.052,1.0525,33790
2026-01-09,"DOLAR",1.0525,1.0536,1.0476,1.0496,6235
2026-01-10,"DOLAR",1.0496,1.0566,1.0373,1.0384,17527
2026-01-11,"DOLAR",1.0384,1.039,1.0213,1.0231,6734
2026-01-12,"DOLAR",1.0231,1.0345,1.023,1.0324,2446
2026-01-13,"DOLAR",1.0324,1.0553,1.0295,1.0497,7040
2026-01-14,"DOLAR",1.0497,1.0545,1.0386,1.0393,8857
2026-01-15,"DOLAR",1.0393,1.0395,1.0368,1.0375,19941
2026-01-16,"DOLAR",1.0375,1.0508,1.0356,1.0504,5429
2026-01-17,"DOLAR",1.0504,1.052,1.0478,1.0497,23233
2026-01-18,"DOLAR",1.0497,1.0526,1.0443,1.0525,6447
2026-01-19,"DOLAR",1.0525,1.0688,1.0475,1.0678,5829
2026-01-20,"DOLAR",1.0678,1.0694,1.06,1.0601,4407
2026-01-21,"DOLAR",1.0601,1.0668,1.0566,1.0621,8088
2026-01-22,"DOLAR",1.0621,1.0789,1.0607,1.0751,4543
2026-01-23,"DOLAR",1.0751,1.0771,1.0723,1.0753,4133
2026-01-24,"DOLAR",1.0753,1.0925,1.0749,1.0838,8376
2026-01-25,"DOLAR",1.0838,1.0912,1.0779,1.0851,5560
2026-01-26,"DOLAR",1.0851,1.0893,1.0778,1.0795,2686
2026-01-27,"DOLAR",1.0795,1.0881,1.0743,1.0875,24119
2026-01-28,"DOLAR",1.0875,1.0958,1.0848,1.0957,3155
2026-01-29,"DOLAR",1.0957,1.0984,1.0941,1.0975,12370
2026-01-30,"DOLAR",1.0975,1.0997,1.0908,1.091,6084
2026-01-31,"DOLAR",1.091,1.0914,1.0844,1.09,19017
2026-02-01,"DOLAR",1.09,1.1178,1.0855,1.1152,11038
2026-02-02,"DOLAR",1.1152,1.1153,1.1124,1.1149,5313
2026-02-03,"DOLAR",1.1149,1.1212,1.1021,1.1029,21847
2026-02-04,"DOLAR",1.1029,1.1135,1.1023,1.1112,5975
2026-02-05,"DOLAR",1.1112,1.1174,1.1006,1.1009,12778
2026-02-06,"DOLAR",1.1009,1.103,1.0862,1.0912,23110
2026-02-07,"DOLAR",1.0912,1.1011,1.0911,1.0952,15821
2026-02-08,"DOLAR",1.0952,1.1182,1.0898,1.1166,17101
2026-02-09,"DOLAR",1.1166,1.1193,1.1139,1.1163,3891
2026-02-10,"DOLAR",1.1163,1.119,1.1159,1.1174,13639
2026-02-11,"DOLAR",1.1174,1.1201,1.1126,1.1129,3281
2026-02-12,"DOLAR",1.1129,1.1364,1.1127,1.133,6806
2026-02-13,"DOLAR",1.133,1.1456,1.1296,1.1442,20010
2026-02-14,"DOLAR",1.1442,1.1671,1.1407,1.1671,4957
2026-02-15,"DOLAR",1.1671,1.1681,1.1636,1.1641,11026
2026-02-16,"DOLAR",1.1641,1.1666,1.1619,1.1622,7689
2026-02-17,"DOLAR",1.1622,1.1692,1.1405,1.1438,2830
2026-02-18,"DOLAR",1.1438,1.145,1.1253,1.1339,4201
2026-02-19,"DOLAR",1.1339,1.1407,1.1306,1.1391,16053
2026-02-20,"DOLAR",1.1391,1.1522,1.1382,1.1465,8514
2026-02-21,"DOLAR",1.1465,1.1494,1.1421,1.1438,9472
2026-02-22,"DOLAR",1.1438,1.1593,1.1403,1.155,10463
2026-02-23,"DOLAR",1.155,1.1766,1.1508,1.1747,6280
2026-02-24,"DOLAR",1.1747,1.1787,1.1719,1.1776,7606
2026-02-25,"DOLAR",1.1776,1.1925,1.1773,1.1914,5096
2026-02-26,"DOLAR",1.1914,1.1971,1.1861,1.1866,8480
2026-02-27,"DOLAR",1.1866,1.189,1.1591,1.1614,13723
2026-02-28,"DOLAR",1.1614,1.1632,1.1552,1.1553,6607
2026-03-01,"DOLAR",1.1553,1.1563,1.1343,1.1394,2925
2026-03-02,"DOLAR",1.1394,1.1412,1.132,1.137,20670
2026-03-03,"DOLAR",1.137,1.1495,1.1364,1.1472,1207
2026-03-04,"DOLAR",1.1472,1.1485,1.137,1.1412,6624
2026-03-05,"DOLAR",1.1412,1.1518,1.137,1.1495,10097
2026-03-06,"DOLAR",1.1495,1.1515,1.1357,1.1362,7996
2026-03-07,"DOLAR",1.1362,1.1393,1.1335,1.1344,1711
2026-03-08,"DOLAR",1.1344,1.1367,1.1306,1.1366,16836
2026-03-09,"DOLAR",1.1366,1.1391,1.1285,1.1338,5753
2026-03-10,"DOLAR",1.1338,1.139,1.1309,1.1344,1478
2026-03-11,"DOLAR",1.1344,1.1369,1.1274,1.131,56352
2026-03-12,"DOLAR",1.131,1.1451,1.129,1.1406,23891
2026-03-13,"DOLAR",1.1406,1.1422,1.1379,1.1393,7881
2026-03-14,"DOLAR",1.1393,1.1396,1.1175,1.119,4176
2026-03-15,"DOLAR",1.119,1.1202,1.1128,1.1155,4666
2026-03-16,"DOLAR",1.1155,1.1333,1.1143,1.1321,4651
2026-03-17,"DOLAR",1.1321,1.1352,1.1178,1.1254,4214
2026-03-18,"DOLAR",1.1254,1.1622,1.125,1.1597,36325
2026-03-19,"DOLAR",1.1597,1.1662,1.1529,1.1535,17771
2026-03-20,"DOLAR",1.1535,1.155,1.1387,1.1401,10798
2026-03-21,"DOLAR",1.1401,1.151,1.1359,1.149,3070
2026-03-22,"DOLAR",1.149,1.1766,1.1484,1.1735,5674
2026-03-23,"DOLAR",1.1735,1.1786,1.1684,1.1733,5775
2026-03-24,"DOLAR",1.1733,1.1772,1.169,1.1696,20889
2026-03-25,"DOLAR",1.1696,1.1711,1.1519,1.1534,3342
2026-03-26,"DOLAR",1.1534,1.1642,1.1507,1.1638,2003
2026-03-27,"DOLAR",1.1638,1.164,1.1568,1.1599,3967
2026-03-28,"DOLAR",1.1599,1.1644,1.142,1.1504,28981
2026-03-29,"DOLAR",1.1504,1.1512,1.1454,1.1455,5607
2026-03-30,"DOLAR",1.1455,1.1576,1.1412,1.1557,8829
2026-03-31,"DOLAR",1.1557,1.158,1.1462,1.1478,8832
2026-04-01,"DOLAR",1.1478,1.1516,1.1308,1.1373,18078
2026-04-02,"DOLAR",1.1373,1.1391,1.1283,1.1306,31806
2026-04-03,"DOLAR",1.1306,1.1461,1.1306,1.1435,44247
2026-04-04,"DOLAR",1.1435,1.1443,1.1414,1.1429,4447
2026-04-05,"DOLAR",1.1429,1.1481,1.1417,1.1469,9202
2026-04-06,"DOLAR",1.1469,1.1477,1.1443,1.1469,21260
2026-04-07,"DOLAR",1.1469,1.1481,1.135,1.1355,9135
2026-04-08,"DOLAR",1.1355,1.1356,1.1223,1.1227,36796
2026-04-09,"DOLAR",1.1227,1.1393,1.1194,1.1341,12897
2026-04-10,"DOLAR",1.1341,1.1413,1.1322,1.1356,5529
2026-04-11,"DOLAR",1.1356,1.1359,1.1295,1.1352,7431
2026-04-12,"DOLAR",1.1352,1.1394,1.1315,1.1391,21231
2026-04-13,"DOLAR",1.1391,1.1451,1.1383,1.1438,12890
2026-04-14,"DOLAR",1.1438,1.165,1.1436,1.1625,2917
2026-04-15,"DOLAR",1.1625,1.1656,1.1351,1.142,14925
2026-04-16,"DOLAR",1.142,1.1576,1.1366,1.15,27450
2026-04-17,"DOLAR",1.15,1.1504,1.1452,1.1475,55855
2026-04-18,"DOLAR",1.1475,1.152,1.1331,1.1401,19697
2026-04-19,"DOLAR",1.1401,1.1433,1.1322,1.1373,11950
2026-04-20,"DOLAR",1.1373,1.1405,1.1353,1.1396,7635
2026-04-21,"DOLAR",1.1396,1.1558,1.1326,1.1539,7373
2026-04-22,"DOLAR",1.1539,1.1612,1.1454,1.1487,7704
2026-04-23,"DOLAR",1.1487,1.152,1.1471,1.1505,8525
2026-04-24,"DOLAR",1.1505,1.1526,1.1445,1.1446,6955
2026-04-25,"DOLAR",1.1446,1.1519,1.1383,1.1453,5440
2026-04-26,"DOLAR",1.1453,1.147,1.1375,1.1413,12289
2026-04-27,"DOLAR",1.1413,1.1429,1.1329,1.1342,14426
2026-04-28,"DOLAR",1.1342,1.138,1.1342,1.1352,4144
2026-04-29,"DOLAR",1.1352,1.1353,1.1318,1.1345,5096
2026-04-30,"DOLAR",1.1345,1.1375,1.1256,1.1297,4384
2026-05-01,"DOLAR",1.1297,1.1559,1.1261,1.1497,6499
2026-05-02,"DOLAR",1.1497,1.1502,1.127,1.1295,13121
2026-05-03,"DOLAR",1.1295,1.1391,1.121,1.1216,7105
2026-05-04,"DOLAR",1.1216,1.135,1.1192,1.1338,13246
2026-05-05,"DOLAR",1.1338,1.1401,1.1296,1.1336,1289
2026-05-06,"DOLAR",1.1336,1.1347,1.1109,1.1171,9617
2026-05-07,"DOLAR",1.1171,1.1196,1.1119,1.1183,7194
2026-05-08,"DOLAR",1.1183,1.124,1.1064,1.1111,6648
2026-05-09,"DOLAR",1.1111,1.1114,1.1086,1.1091,6941
2026-05-10,"DOLAR",1.1091,1.1107,1.1048,1.1103,13377
2026-05-11,"DOLAR",1.1103,1.1106,1.091,1.0921,21521
2026-05-12,"DOLAR",1.0921,1.1081,1.0866,1.1044,1480
2026-05-13,"DOLAR",1.1044,1.1083,1.0961,1.0976,9651
2026-05-14,"DOLAR",1.0976,1.1304,1.0962,1.1255,4216
2026-05-15,"DOLAR",1.1255,1.1337,1.1206,1.1261,6111
2026-05-16,"DOLAR",1.1261,1.1296,1.1243,1.1263,16394
2026-05-17,"DOLAR",1.1263,1.1291,1.1159,1.1172,7806
2026-05-18,"DOLAR",1.1172,1.1219,1.1129,1.1196,6058
2026-05-19,"DOLAR",1.1196,1.1242,1.1032,1.1056,4817
2026-05-20,"DOLAR",1.1056,1.1132,1.0944,1.0973,8084
2026-05-21,"DOLAR",1.0973,1.1021,1.0896,1.0915,6283
2026-05-22,"DOLAR",1.0915,1.1028,1.0876,1.1014,25435
2026-05-23,"DOLAR",1.1014,1.1084,1.0978,1.1078,35926
2026-05-24,"DOLAR",1.1078,1.1309,1.1053,1.1275,9380
2026-05-25,"DOLAR",1.1275,1.1577,1.1231,1.1494,15279
2026-05-26,"DOLAR",1.1494,1.1648,1.1452,1.1609,4005
2026-05-27,"DOLAR",1.1609,1.1651,1.1561,1.1565,19719
2026-05-28,"DOLAR",1.1565,1.1584,1.1553,1.1561,14849
2026-05-29,"DOLAR",1.1561,1.166,1.1548,1.1618,7091
2026-05-30,"DOLAR",1.1618,1.1657,1.1551,1.1586,6333
2026-05-31,"DOLAR",1.1586,1.1621,1.14,1.1428,6841
2026-06-01,"DOLAR",1.1428,1.1441,1.1357,1.1384,5235
2026-06-02,"DOLAR",1.1384,1.1407,1.1346,1.138,8997
2026-06-03,"DOLAR",1.138,1.1528,1.1354,1.151,3857
2026-06-04,"DOLAR",1.151,1.1603,1.1495,1.157,6245
2026-06-05,"DOLAR",1.157,1.1695,1.1559,1.1658,4113
2026-06-06,"DOLAR",1.1658,1.1658,1.1594,1.1624,1874
2026-06-07,"DOLAR",1.1624,1.177,1.1599,1.177,5071
2026-06-08,"DOLAR",1.177,1.2024,1.1681,1.2009,8832
2026-06-09,"DOLAR",1.2009,1.2035,1.187,1.1917,7990
2026-06-10,"DOLAR",1.1917,1.1954,1.169,1.172,7098
2026-06-11,"DOLAR",1.172,1.1732,1.1537,1.1578,5567
2026-06-12,"DOLAR",1.1578,1.1726,1.1567,1.1712,4475
2026-06-13,"DOLAR",1.1712,1.1742,1.1576,1.1617,9395
2026-06-14,"DOLAR",1.1617,1.1661,1.1398,1.1411,11551
2026-06-15,"DOLAR",1.1411,1.1436,1.1346,1.136,7808
2026-06-16,"DOLAR",1.136,1.1435,1.1313,1.1396,15144
2026-06-17,"DOLAR",1.1396,1.1411,1.1364,1.1392,1596
2026-06-18,"DOLAR",1.1392,1.1419,1.1227,1.1264,15069
2026-06-19,"DOLAR",1.1264,1.1321,1.119,1.1233,2180
2026-06-20,"DOLAR",1.1233,1.1247,1.1161,1.1214,15907
2026-06-21,"DOLAR",1.1214,1.1257,1.1094,1.1147,24433
2026-06-22,"DOLAR",1.1147,1.1254,1.1137,1.1211,9216
2026-06-23,"DOLAR",1.1211,1.1382,1.119,1.136,14897
2026-06-24,"DOLAR",1.136,1.1496,1.1347,1.1471,4767
2026-06-25,"DOLAR",1.1471,1.1472,1.1223,1.1254,2202
2026-06-26,"DOLAR",1.1254,1.1283,1.1222,1.1262,4873
2026-06-27,"DOLAR",1.1262,1.1398,1.1202,1.1373,34883
2026-06-28,"DOLAR",1.1373,1.139,1.1251,1.1282,4361
2026-06-29,"DOLAR",1.1282,1.1431,1.1255,1.1413,4681
2026-06-30,"DOLAR",1.1413,1.1467,1.1353,1.1411,6904
2026-01-01,"EURO",1.3537,1.362,1.3482,1.3606,2243
2026-01-02,"EURO",1.3606,1.3792,1.359,1.3745,7780
2026-01-03,"EURO",1.3745,1.3811,1.3665,1.3786,3765
2026-01-04,"EURO",1.3786,1.383,1.3653,1.3705,12762
2026-01-05,"EURO",1.3705,1.3926,1.367,1.3853,13843
2026-01-06,"EURO",1.3853,1.3868,1.3656,1.3691,7207
2026-01-07,"EURO",1.3691,1.3948,1.3686,1.3877,8342
2026-01-08,"EURO",1.3877,1.394,1.3841,1.3882,10445
2026-01-09,"EURO",1.3882,1.3923,1.3774,1.3825,1543
2026-01-10,"EURO",1.3825,1.3849,1.3657,1.3729,27422
2026-01-11,"EURO",1.3729,1.3792,1.3647,1.366,12099
2026-01-12,"EURO",1.366,1.3728,1.3616,1.3617,9086
2026-01-13,"EURO",1.3617,1.3808,1.3584,1.3804,3115
2026-01-14,"EURO",1.3804,1.3945,1.3787,1.3904,14167
2026-01-15,"EURO",1.3904,1.3919,1.3847,1.3897,20118
2026-01-16,"EURO",1.3897,1.4217,1.3877,1.4163,15506
2026-01-17,"EURO",1.4163,1.419,1.4149,1.4152,7975
2026-01-18,"EURO",1.4152,1.4159,1.4009,1.4018,21197
2026-01-19,"EURO",1.4018,1.4298,1.398,1.4287,3268
2026-01-20,"EURO",1.4287,1.4297,1.3968,1.4,8418
2026-01-21,"EURO",1.4,1.4246,1.3955,1.4179,4280
2026-01-22,"EURO",1.4179,1.4271,1.4176,1.426,6800
2026-01-23,"EURO",1.426,1.4276,1.4038,1.4056,16683
2026-01-24,"EURO",1.4056,1.4389,1.4048,1.4268,10157
2026-01-25,"EURO",1.4268,1.4335,1.4031,1.4046,12884
2026-01-26,"EURO",1.4046,1.4046,1.4036,1.4037,3844
2026-01-27,"EURO",1.4037,1.4052,1.386,1.3909,15914
2026-01-28,"EURO",1.3909,1.3916,1.3899,1.3901,11902
2026-01-29,"EURO",1.3901,1.4033,1.3891,1.403,2129
2026-01-30,"EURO",1.403,1.4163,1.3997,1.4103,8434
2026-01-31,"EURO",1.4103,1.4163,1.3976,1.4034,3875
2026-02-01,"EURO",1.4034,1.4148,1.4007,1.4118,6618
2026-02-02,"EURO",1.4118,1.4156,1.3932,1.3981,3901
2026-02-03,"EURO",1.3981,1.3982,1.3965,1.3969,4513
2026-02-04,"EURO",1.3969,1.4,1.3955,1.3985,8084
2026-02-05,"EURO",1.3985,1.3987,1.3694,1.3725,2817
2026-02-06,"EURO",1.3725,1.377,1.3472,1.3527,4935
2026-02-07,"EURO",1.3527,1.358,1.3393,1.3406,10912
2026-02-08,"EURO",1.3406,1.3535,1.3376,1.3513,12302
2026-02-09,"EURO",1.3513,1.3631,1.3488,1.3612,3595
2026-02-10,"EURO",1.3612,1.3652,1.3526,1.3531,1654
2026-02-11,"EURO",1.3531,1.3625,1.3231,1.3233,4968
2026-02-12,"EURO",1.3233,1.324,1.3112,1.3125,3638
2026-02-13,"EURO",1.3125,1.3147,1.302,1.3054,14518
2026-02-14,"EURO",1.3054,1.3356,1.301,1.3329,21467
2026-02-15,"EURO",1.3329,1.3368,1.3287,1.3302,10857
2026-02-16,"EURO",1.3302,1.3354,1.325,1.3265,6389
2026-02-17,"EURO",1.3265,1.3553,1.3246,1.3463,16644
2026-02-18,"EURO",1.3463,1.3473,1.3381,1.3402,6815
2026-02-19,"EURO",1.3402,1.3482,1.3392,1.3468,4370
2026-02-20,"EURO",1.3468,1.347,1.3436,1.346,21785
2026-02-21,"EURO",1.346,1.3511,1.3302,1.3372,5869
2026-02-22,"EURO",1.3372,1.3402,1.3351,1.339,9931
2026-02-23,"EURO",1.339,1.3463,1.3306,1.3429,7703
2026-02-24,"EURO",1.3429,1.3583,1.342,1.3574,36282
2026-02-25,"EURO",1.3574,1.3611,1.3527,1.3566,21066
2026-02-26,"EURO",1.3566,1.3605,1.3439,1.3486,8576
2026-02-27,"EURO",1.3486,1.3554,1.3374,1.3383,5101
2026-02-28,"EURO",1.3383,1.3479,1.3374,1.3435,4825
2026-03-01,"EURO",1.3435,1.3446,1.3391,1.34,14147
2026-03-02,"EURO",1.34,1.3469,1.34,1.3462,3583
2026-03-03,"EURO",1.3462,1.3492,1.3388,1.3409,13425
2026-03-04,"EURO",1.3409,1.3475,1.3332,1.3357,5371
2026-03-05,"EURO",1.3357,1.3387,1.3183,1.3198,13683
2026-03-06,"EURO",1.3198,1.3263,1.3114,1.3255,5834
2026-03-07,"EURO",1.3255,1.3395,1.3205,1.336,14081
2026-03-08,"EURO",1.336,1.3361,1.3193,1.324,15468
2026-03-09,"EURO",1.324,1.353,1.3215,1.353,7346
2026-03-10,"EURO",1.353,1.3557,1.3445,1.3544,14888
2026-03-11,"EURO",1.3544,1.3558,1.3295,1.3313,10493
2026-03-12,"EURO",1.3313,1.3433,1.3253,1.3385,12571
2026-03-13,"EURO",1.3385,1.3494,1.3378,1.3432,9373
2026-03-14,"EURO",1.3432,1.3462,1.3384,1.3397,5369
2026-03-15,"EURO",1.3397,1.3529,1.3377,1.3462,7645
2026-03-16,"EURO",1.3462,1.3552,1.3389,1.3534,4767
2026-03-17,"EURO",1.3534,1.3641,1.3524,1.3626,1768
2026-03-18,"EURO",1.3626,1.363,1.345,1.3488,5079
2026-03-19,"EURO",1.3488,1.3647,1.3451,1.3607,17622
2026-03-20,"EURO",1.3607,1.3616,1.3505,1.3532,2015
2026-03-21,"EURO",1.3532,1.3542,1.3423,1.3436,6905
2026-03-22,"EURO",1.3436,1.3652,1.3436,1.3628,2703
2026-03-23,"EURO",1.3628,1.3632,1.3354,1.3388,5495
2026-03-24,"EURO",1.3388,1.3502,1.3366,1.3501,10449
2026-03-25,"EURO",1.3501,1.351,1.3165,1.3263,6543
2026-03-26,"EURO",1.3263,1.3376,1.3257,1.3349,9599
2026-03-27,"EURO",1.3349,1.3473,1.3313,1.343,2211
2026-03-28,"EURO",1.343,1.3467,1.3331,1.3376,17348
2026-03-29,"EURO",1.3376,1.3413,1.3151,1.3202,12008
2026-03-30,"EURO",1.3202,1.326,1.3154,1.3166,2656
2026-03-31,"EURO",1.3166,1.3212,1.3143,1.3207,6604
2026-04-01,"EURO",1.3207,1.3531,1.3185,1.3517,16450
2026-04-02,"EURO",1.3517,1.3549,1.3356,1.3408,3702
2026-04-03,"EURO",1.3408,1.3491,1.3408,1.3484,6615
2026-04-04,"EURO",1.3484,1.3523,1.329,1.3331,10461
2026-04-05,"EURO",1.3331,1.3348,1.3039,1.3064,5854
2026-04-06,"EURO",1.3064,1.3107,1.2906,1.2935,1864
2026-04-07,"EURO",1.2935,1.3114,1.2928,1.3106,11171
2026-04-08,"EURO",1.3106,1.3144,1.3059,1.308,8692
2026-04-09,"EURO",1.308,1.3232,1.3074,1.3178,12613
2026-04-10,"EURO",1.3178,1.3202,1.2974,1.2981,6424
2026-04-11,"EURO",1.2981,1.3054,1.2958,1.3009,2509
2026-04-12,"EURO",1.3009,1.3022,1.2944,1.2946,13090
2026-04-13,"EURO",1.2946,1.2978,1.2923,1.2945,11553
2026-04-14,"EURO",1.2945,1.3102,1.2889,1.3072,11724
2026-04-15,"EURO",1.3072,1.3083,1.2796,1.2839,7937
2026-04-16,"EURO",1.2839,1.2902,1.2789,1.2901,10557
2026-04-17,"EURO",1.2901,1.3058,1.2894,1.3014,5489
2026-04-18,"EURO",1.3014,1.3075,1.3006,1.305,10407
2026-04-19,"EURO",1.305,1.3175,1.3035,1.3147,4008
2026-04-20,"EURO",1.3147,1.3447,1.309,1.3424,6030
2026-04-21,"EURO",1.3424,1.3561,1.3421,1.348,3999
2026-04-22,"EURO",1.348,1.3525,1.3366,1.3414,3853
2026-04-23,"EURO",1.3414,1.3524,1.3393,1.3482,13445
2026-04-24,"EURO",1.3482,1.3501,1.3392,1.3445,3905
2026-04-25,"EURO",1.3445,1.3454,1.3356,1.345,3148
2026-04-26,"EURO",1.345,1.3452,1.3063,1.3101,7831
2026-04-27,"EURO",1.3101,1.3144,1.2958,1.301,5491
2026-04-28,"EURO",1.301,1.3089,1.3,1.3056,6629
2026-04-29,"EURO",1.3056,1.3306,1.304,1.3276,4518
2026-04-30,"EURO",1.3276,1.3283,1.3122,1.3192,8472
2026-05-01,"EURO",1.3192,1.3331,1.3188,1.3292,4006
2026-05-02,"EURO",1.3292,1.3369,1.3291,1.3319,1390
2026-05-03,"EURO",1.3319,1.3339,1.3222,1.3277,3579
2026-05-04,"EURO",1.3277,1.3285,1.3218,1.3261,5786
2026-05-05,"EURO",1.3261,1.3398,1.3224,1.3339,4435
2026-05-06,"EURO",1.3339,1.3583,1.3323,1.3549,5383
2026-05-07,"EURO",1.3549,1.3643,1.3534,1.3546,3707
2026-05-08,"EURO",1.3546,1.3725,1.3457,1.3713,21118
2026-05-09,"EURO",1.3713,1.3753,1.3672,1.3746,5217
2026-05-10,"EURO",1.3746,1.3856,1.373,1.3818,8035
2026-05-11,"EURO",1.3818,1.3829,1.365,1.366,23487
2026-05-12,"EURO",1.366,1.3684,1.3507,1.3601,8016
2026-05-13,"EURO",1.3601,1.3607,1.3601,1.3605,8772
2026-05-14,"EURO",1.3605,1.3855,1.3539,1.3836,8541
2026-05-15,"EURO",1.3836,1.3848,1.365,1.3722,8616
2026-05-16,"EURO",1.3722,1.3774,1.3694,1.3734,3912
2026-05-17,"EURO",1.3734,1.3849,1.373,1.3796,7030
2026-05-18,"EURO",1.3796,1.3868,1.3761,1.3859,4219
2026-05-19,"EURO",1.3859,1.3882,1.383,1.384,4109
2026-05-20,"EURO",1.384,1.3868,1.3839,1.386,9986
2026-05-21,"EURO",1.386,1.3936,1.3592,1.3595,2044
2026-05-22,"EURO",1.3595,1.3611,1.3504,1.355,13577
2026-05-23,"EURO",1.355,1.3586,1.3388,1.3398,20894
2026-05-24,"EURO",1.3398,1.347,1.3328,1.3355,27788
2026-05-25,"EURO",1.3355,1.3394,1.3345,1.338,3469
2026-05-26,"EURO",1.338,1.352,1.3337,1.3495,12153
2026-05-27,"EURO",1.3495,1.3627,1.349,1.3608,7232
2026-05-28,"EURO",1.3608,1.3679,1.3588,1.3602,6445
2026-05-29,"EURO",1.3602,1.3637,1.3501,1.3513,4295
2026-05-30,"EURO",1.3513,1.3564,1.3498,1.3507,18606
2026-05-31,"EURO",1.3507,1.3552,1.3244,1.3295,4146
2026-06-01,"EURO",1.3295,1.3299,1.3254,1.3265,8964
2026-06-02,"EURO",1.3265,1.3289,1.3123,1.3189,14268
2026-06-03,"EURO",1.3189,1.3222,1.3147,1.3149,3917
2026-06-04,"EURO",1.3149,1.317,1.307,1.3136,9421
2026-06-05,"EURO",1.3136,1.3153,1.2938,1.3011,7980
2026-06-06,"EURO",1.3011,1.3027,1.2861,1.2903,4359
2026-06-07,"EURO",1.2903,1.2912,1.2647,1.2724,19653
2026-06-08,"EURO",1.2724,1.2879,1.2631,1.284,6656
2026-06-09,"EURO",1.284,1.3017,1.2801,1.3012,729
2026-06-10,"EURO",1.3012,1.3062,1.2782,1.2881,10995
2026-06-11,"EURO",1.2881,1.2892,1.2812,1.2831,18310
2026-06-12,"EURO",1.2831,1.3016,1.2798,1.2981,8341
2026-06-13,"EURO",1.2981,1.3109,1.2912,1.3078,8045
2026-06-14,"EURO",1.3078,1.3205,1.3009,1.3189,10033
2026-06-15,"EURO",1.3189,1.3253,1.3121,1.3134,11917
2026-06-16,"EURO",1.3134,1.3476,1.31,1.3402,8712
2026-06-17,"EURO",1.3402,1.3425,1.3185,1.3226,15120
2026-06-18,"EURO",1.3226,1.329,1.322,1.3261,3695
2026-06-19,"EURO",1.3261,1.3286,1.3202,1.3244,8416
2026-06-20,"EURO",1.3244,1.3435,1.3241,1.3432,9461
2026-06-21,"EURO",1.3432,1.347,1.3183,1.323,5238
2026-06-22,"EURO",1.323,1.3279,1.3199,1.3214,13950
2026-06-23,"EURO",1.3214,1.3269,1.2997,1.3026,12844
2026-06-24,"EURO",1.3026,1.3062,1.2892,1.2916,29655
2026-06-25,"EURO",1.2916,1.294,1.2711,1.272,16250
2026-06-26,"EURO",1.272,1.3057,1.2714,1.3026,3341
2026-06-27,"EURO",1.3026,1.3063,1.2983,1.3037,10881
2026-06-28,"EURO",1.3037,1.3105,1.283,1.2852,17728
2026-06-29,"EURO",1.2852,1.2965,1.2841,1.2929,5752
2026-06-30,"EURO",1.2929,1.3088,1.2916,1.3031,10143
2026-01-01,"GOOG",133.4598,133.6005,132.4276,133.0165,5518
2026-01-02,"GOOG",133.0165,134.57,132.9628,134.2374,9034
2026-01-03,"GOOG",134.2374,136.803,133.9741,136.5183,2147
2026-01-04,"GOOG",136.5183,136.583,133.8908,134.1167,6441
2026-01-05,"GOOG",134.1167,134.2197,133.4243,133.7428,7983
2026-01-06,"GOOG",133.7428,134.7177,133.4438,134.6236,21409
2026-01-07,"GOOG",134.6236,134.6779,133.3859,133.508,14663
2026-01-08,"GOOG",133.508,133.5379,131.1642,131.8319,9693
2026-01-09,"GOOG",131.8319,132.8366,131.7297,132.4398,8839
2026-01-10,"GOOG",132.4398,134.3644,131.7987,134.1059,5967
2026-01-11,"GOOG",134.1059,134.4918,131.5114,131.5215,3951
2026-01-12,"GOOG",131.5215,134.2072,131.4823,134.1231,2895
2026-01-13,"GOOG",134.1231,134.2204,133.2253,133.6739,2863
2026-01-14,"GOOG",133.6739,133.86,133.5172,133.6851,6954
2026-01-15,"GOOG",133.6851,134.152,130.8143,131.1004,19901
2026-01-16,"GOOG",131.1004,131.3281,129.2411,129.2797,1975
2026-01-17,"GOOG",129.2797,129.5996,127.6553,127.8755,19728
2026-01-18,"GOOG",127.8755,129.0769,124.8067,125.0077,12480
2026-01-19,"GOOG",125.0077,125.4976,124.7547,125.131,19891
2026-01-20,"GOOG",125.131,125.4297,124.3319,125.3688,5728
2026-01-21,"GOOG",125.3688,127.6227,124.9312,126.5717,13924
2026-01-22,"GOOG",126.5717,129.6003,125.9615,129.1251,25279
2026-01-23,"GOOG",129.1251,129.3617,128.4831,129.2051,5588
2026-01-24,"GOOG",129.2051,129.2652,128.1393,128.2118,3902
2026-01-25,"GOOG",128.2118,130.7027,128.1272,130.3669,12458
2026-01-26,"GOOG",130.3669,132.7098,130.3077,132.0806,1802
2026-01-27,"GOOG",132.0806,133.3446,131.9618,132.8944,1276
2026-01-28,"GOOG",132.8944,133.6576,130.6708,130.897,2020
2026-01-29,"GOOG",130.897,131.2822,128.2823,128.7542,19055
2026-01-30,"GOOG",128.7542,131.188,128.6679,130.2219,4822
2026-01-31,"GOOG",130.2219,131.0784,127.4074,127.9741,3256
2026-02-01,"GOOG",127.9741,128.3717,127.9456,128.2725,10383
2026-02-02,"GOOG",128.2725,129.0922,127.8384,128.7605,17151
2026-02-03,"GOOG",128.7605,131.8114,128.4704,131.3123,10269
2026-02-04,"GOOG",131.3123,133.0124,130.4402,132.3983,31963
2026-02-05,"GOOG",132.3983,133.1739,132.0946,132.8308,7638
2026-02-06,"GOOG",132.8308,134.7817,132.4376,134.6995,2346
2026-02-07,"GOOG",134.6995,138.5428,134.6693,138.2042,6776
2026-02-08,"GOOG",138.2042,139.3611,137.9472,138.9222,8955
2026-02-09,"GOOG",138.9222,139.7158,138.0711,138.3239,21168
2026-02-10,"GOOG",138.3239,138.6696,137.8957,138.3517,18702
2026-02-11,"GOOG",138.3517,139.5835,137.6417,139.4155,1582
2026-02-12,"GOOG",139.4155,139.7841,138.9507,138.9665,11146
2026-02-13,"GOOG",138.9665,139.6175,137.0191,137.1334,2890
2026-02-14,"GOOG",137.1334,137.6618,134.5078,134.9915,12536
2026-02-15,"GOOG",134.9915,135.2593,133.9554,134.2852,2383
2026-02-16,"GOOG",134.2852,135.5134,133.7455,135.4129,22472
2026-02-17,"GOOG",135.4129,136.2801,134.8303,136.1617,14445
2026-02-18,"GOOG",136.1617,137.849,135.5196,137.5649,5649
2026-02-19,"GOOG",137.5649,137.5694,136.5205,136.7361,3143
2026-02-20,"GOOG",136.7361,137.3761,133.5932,134.1316,27492
2026-02-21,"GOOG",134.1316,136.304,133.7666,135.9983,5094
2026-02-22,"GOOG",135.9983,137.0512,135.7379,136.6343,9613
2026-02-23,"GOOG",136.6343,137.0447,135.0365,135.0923,9684
2026-02-24,"GOOG",135.0923,136.4671,134.6962,136.1711,64502
2026-02-25,"GOOG",136.1711,136.2344,135.8722,135.8896,10935
2026-02-26,"GOOG",135.8896,136.5122,134.1656,134.6002,2904
2026-02-27,"GOOG",134.6002,134.9728,133.2698,133.4535,7696
2026-02-28,"GOOG",133.4535,133.6207,132.7325,133.0543,10878
2026-03-01,"GOOG",133.0543,134.5067,132.9128,134.4407,5717
2026-03-02,"GOOG",134.4407,138.7533,134.0866,137.98,9227
2026-03-03,"GOOG",137.98,138.6907,137.2712,137.5156,47146
2026-03-04,"GOOG",137.5156,137.9493,136.5581,136.9475,18932
2026-03-05,"GOOG",136.9475,137.4368,136.4836,137.3323,12709
2026-03-06,"GOOG",137.3323,138.8701,137.0606,138.8018,6793
2026-03-07,"GOOG",138.8018,139.1158,138.3025,138.5488,3967
2026-03-08,"GOOG",138.5488,140.7434,138.0484,140.1507,5476
2026-03-09,"GOOG",140.1507,140.4654,136.051,136.3686,6905
2026-03-10,"GOOG",136.3686,139.2576,136.3473,139.1807,21937
2026-03-11,"GOOG",139.1807,139.4334,136.248,136.6472,3692
2026-03-12,"GOOG",136.6472,137.4854,136.5637,137.0025,13213
2026-03-13,"GOOG",137.0025,137.075,135.1709,135.7042,2324
2026-03-14,"GOOG",135.7042,135.7803,135.296,135.5861,4247
2026-03-15,"GOOG",135.5861,136.5729,135.2234,136.3242,3835
2026-03-16,"GOOG",136.3242,136.5217,133.0157,133.5283,12039
2026-03-17,"GOOG",133.5283,134.5711,133.4981,133.8836,7719
2026-03-18,"GOOG",133.8836,135.9571,133.7686,135.7037,8022
2026-03-19,"GOOG",135.7037,135.8918,132.3935,132.7732,21216
2026-03-20,"GOOG",132.7732,133.4391,132.4014,133.2115,1258
2026-03-21,"GOOG",133.2115,133.8802,133.1688,133.853,4741
2026-03-22,"GOOG",133.853,134.1085,130.6647,130.8147,14501
2026-03-23,"GOOG",130.8147,131.4528,129.645,129.8413,5345
2026-03-24,"GOOG",129.8413,131.1291,129.6583,131.0213,15429
2026-03-25,"GOOG",131.0213,131.2084,130.4311,130.6384,11869
2026-03-26,"GOOG",130.6384,134.141,130.5467,133.9556,22295
2026-03-27,"GOOG",133.9556,136.0384,133.7163,135.4636,5999
2026-03-28,"GOOG",135.4636,136.1987,135.4508,135.6367,9076
2026-03-29,"GOOG",135.6367,135.7358,133.4256,134.1284,880
2026-03-30,"GOOG",134.1284,136.8034,133.9747,136.6561,10525
2026-03-31,"GOOG",136.6561,136.8835,135.8146,135.9842,4614
2026-04-01,"GOOG",135.9842,135.9995,135.2067,135.4653,15461
2026-04-02,"GOOG",135.4653,136.3897,135.1411,135.5924,2277
2026-04-03,"GOOG",135.5924,136.0536,133.9592,133.9674,22910
2026-04-04,"GOOG",133.9674,134.9711,133.9521,134.5962,11577
2026-04-05,"GOOG",134.5962,134.9271,132.7467,133.1349,3506
2026-04-06,"GOOG",133.1349,133.8379,132.6899,133.7504,7888
2026-04-07,"GOOG",133.7504,135.3204,133.7315,134.864,25309
2026-04-08,"GOOG",134.864,135.2002,133.7852,134.7605,17582
2026-04-09,"GOOG",134.7605,135.4301,131.5836,132.6996,20099
2026-04-10,"GOOG",132.6996,133.2343,131.6641,131.9613,5589
2026-04-11,"GOOG",131.9613,132.308,129.8418,130.3763,12215
2026-04-12,"GOOG",130.3763,130.404,128.6163,129.1613,2899
2026-04-13,"GOOG",129.1613,129.3284,127.1693,127.229,4431
2026-04-14,"GOOG",127.229,128.0719,126.3707,126.5159,3237
2026-04-15,"GOOG",126.5159,130.0445,126.0667,129.2983,3600
2026-04-16,"GOOG",129.2983,129.5132,128.7987,129.444,4965
2026-04-17,"GOOG",129.444,129.4479,128.3887,128.4285,8158
2026-04-18,"GOOG",128.4285,128.4464,127.8943,128.3234,1958
2026-04-19,"GOOG",128.3234,128.537,126.3026,126.3405,7718
2026-04-20,"GOOG",126.3405,126.9983,125.0409,125.5031,14975
2026-04-21,"GOOG",125.5031,125.5182,122.8995,122.9206,4115
2026-04-22,"GOOG",122.9206,122.9498,121.8075,121.9407,17669
2026-04-23,"GOOG",121.9407,122.9904,121.6039,122.776,6827
2026-04-24,"GOOG",122.776,123.8892,122.7229,122.7776,25430
2026-04-25,"GOOG",122.7776,122.9912,121.4212,121.6883,4661
2026-04-26,"GOOG",121.6883,123.0062,121.2477,122.3961,2911
2026-04-27,"GOOG",122.3961,122.4253,120.0394,120.4797,5976
2026-04-28,"GOOG",120.4797,121.4393,119.905,121.2767,2051
2026-04-29,"GOOG",121.2767,121.4802,120.1079,120.1137,8058
2026-04-30,"GOOG",120.1137,120.7113,119.8375,120.4728,2204
2026-05-01,"GOOG",120.4728,120.7835,117.8528,117.8781,2336
2026-05-02,"GOOG",117.8781,118.1411,117.1008,117.4011,16968
2026-05-03,"GOOG",117.4011,117.7491,116.967,117.1117,7775
2026-05-04,"GOOG",117.1117,117.6678,117.0871,117.6106,10622
2026-05-05,"GOOG",117.6106,119.2517,117.5348,118.9908,15226
2026-05-06,"GOOG",118.9908,119.313,116.5068,116.8698,21983
2026-05-07,"GOOG",116.8698,117.5559,116.5391,117.0263,5340
2026-05-08,"GOOG",117.0263,117.7395,116.8848,117.5528,3951
2026-05-09,"GOOG",117.5528,117.655,114.7161,115.2272,19093
2026-05-10,"GOOG",115.2272,115.6105,114.8384,114.8963,10828
2026-05-11,"GOOG",114.8963,115.1221,114.4331,115.0596,6399
2026-05-12,"GOOG",115.0596,117.5881,114.747,117.5853,11242
2026-05-13,"GOOG",117.5853,117.6364,116.0802,116.7041,2829
2026-05-14,"GOOG",116.7041,118.9428,116.5148,118.2087,8576
2026-05-15,"GOOG",118.2087,118.5608,117.8697,118.1726,10255
2026-05-16,"GOOG",118.1726,118.4814,117.8024,117.9889,6035
2026-05-17,"GOOG",117.9889,119.4185,117.4932,119.2001,4870
2026-05-18,"GOOG",119.2001,119.5571,117.6155,117.9668,13098
2026-05-19,"GOOG",117.9668,118.3694,116.1738,116.2547,16159
2026-05-20,"GOOG",116.2547,116.8638,114.9496,115.3175,10907
2026-05-21,"GOOG",115.3175,116.1268,114.7531,116.1006,2963
2026-05-22,"GOOG",116.1006,116.3186,114.4588,114.5861,4583
2026-05-23,"GOOG",114.5861,115.696,114.3062,115.6226,10350
2026-05-24,"GOOG",115.6226,116.0034,114.8607,115.9906,16180
2026-05-25,"GOOG",115.9906,118.0676,115.8597,117.7829,5109
2026-05-26,"GOOG",117.7829,117.8326,117.1984,117.4859,8001
2026-05-27,"GOOG",117.4859,117.9429,117.3666,117.8147,6368
2026-05-28,"GOOG",117.8147,118.6522,117.0744,118.2293,4531
2026-05-29,"GOOG",118.2293,119.3736,118.1238,118.9935,17198
2026-05-30,"GOOG",118.9935,119.3579,118.953,119.3026,46029
2026-05-31,"GOOG",119.3026,119.434,118.5481,118.9105,10271
2026-06-01,"GOOG",118.9105,119.0105,118.0363,118.1617,3136
2026-06-02,"GOOG",118.1617,118.6948,117.8439,118.519,2992
2026-06-03,"GOOG",118.519,119.8721,118.4181,119.4847,4222
2026-06-04,"GOOG",119.4847,119.6336,118.1039,118.4606,5056
2026-06-05,"GOOG",118.4606,118.7106,117.4906,117.9302,9715
2026-06-06,"GOOG",117.9302,117.934,117.3073,117.9248,3535
2026-06-07,"GOOG",117.9248,118.4741,116.2963,116.6192,9096
2026-06-08,"GOOG",116.6192,117.8911,116.2821,117.8527,4295
2026-06-09,"GOOG",117.8527,117.9622,116.403,116.4163,8004
2026-06-10,"GOOG",116.4163,116.6026,113.4129,113.8598,31407
2026-06-11,"GOOG",113.8598,114.2673,112.7409,112.7548,8424
2026-06-12,"GOOG",112.7548,113.7969,112.1689,113.2674,7492
2026-06-13,"GOOG",113.2674,114.6226,113.1032,114.5735,6279
2026-06-14,"GOOG",114.5735,114.8888,114.2407,114.261,3849
2026-06-15,"GOOG",114.261,115.1062,114.0246,114.7849,2430
2026-06-16,"GOOG",114.7849,115.4068,114.5651,115.0707,12315
2026-06-17,"GOOG",115.0707,116.6051,114.835,116.0235,14873
2026-06-18,"GOOG",116.0235,116.1714,115.4736,115.5718,6489
2026-06-19,"GOOG",115.5718,115.7691,114.9555,115.1645,3488
2026-06-20,"GOOG",115.1645,115.7692,115.0135,115.4952,5443
2026-06-21,"GOOG",115.4952,116.3699,115.0266,116.2873,4077
2026-06-22,"GOOG",116.2873,116.3571,116.0287,116.0719,7560
2026-06-23,"GOOG",116.0719,116.2531,114.6347,114.6655,7544
2026-06-24,"GOOG",114.6655,115.111,114.1171,114.1312,8409
2026-06-25,"GOOG",114.1312,116.2149,113.792,115.9915,4455
2026-06-26,"GOOG",115.9915,116.8131,115.9147,116.7996,4141
2026-06-27,"GOOG",116.7996,116.9679,115.8581,116.1206,5017
2026-06-28,"GOOG",116.1206,118.1945,115.871,117.9041,1640
2026-06-29,"GOOG",117.9041,118.1177,116.1156,116.2525,15563
2026-06-30,"GOOG",116.2525,116.522,116.0223,116.2111,4089
2026-01-01,"LETRA",95.8702,95.9999,95.7936,95.8069,13953
2026-01-02,"LETRA",95.8069,97.6709,95.7445,97.4415,15585
2026-01-03,"LETRA",97.4415,97.9001,97.2258,97.8816,11543
2026-01-04,"LETRA",97.8816,98.2202,97.7783,98.1027,16932
2026-01-05,"LETRA",98.1027,99.4975,97.8741,99.2027,9779
2026-01-06,"LETRA",99.2027,99.5046,98.1981,98.4923,6786
2026-01-07,"LETRA",98.4923,98.7722,98.48,98.7032,5513
2026-01-08,"LETRA",98.7032,99.9215,98.3583,99.7193,2539
2026-01-09,"LETRA",99.7193,101.5636,99.4652,101.3681,9427
2026-01-10,"LETRA",101.3681,102.9184,101.1245,102.7251,4367
2026-01-11,"LETRA",102.7251,103.1901,101.1923,101.8745,6652
2026-01-12,"LETRA",101.8745,102.0656,100.9656,101.1884,3771
2026-01-13,"LETRA",101.1884,101.3971,100.7273,100.808,29859
2026-01-14,"LETRA",100.808,101.0759,100.387,100.7342,3391
2026-01-15,"LETRA",100.7342,101.3274,100.215,100.5085,27467
2026-01-16,"LETRA",100.5085,101.9334,100.4007,101.5834,8732
2026-01-17,"LETRA",101.5834,102.0462,101.355,101.8897,15412
2026-01-18,"LETRA",101.8897,102.3527,101.8063,102.0962,5241
2026-01-19,"LETRA",102.0962,102.2188,100.2357,101.0217,7716
2026-01-20,"LETRA",101.0217,101.2131,100.7781,100.945,5464
2026-01-21,"LETRA",100.945,101.6401,99.8651,100.3434,2208
2026-01-22,"LETRA",100.3434,100.7739,98.5546,98.6288,17642
2026-01-23,"LETRA",98.6288,99.4137,98.4115,98.9842,30308
2026-01-24,"LETRA",98.9842,99.7736,98.1625,98.4688,3784
2026-01-25,"LETRA",98.4688,100.7804,98.2119,100.5218,9897
2026-01-26,"LETRA",100.5218,100.809,99.7933,100.0194,4859
2026-01-27,"LETRA",100.0194,100.9423,99.8587,100.4886,6538
2026-01-28,"LETRA",100.4886,102.2634,100.2927,101.977,6186
2026-01-29,"LETRA",101.977,102.6652,101.8645,102.6164,10202
2026-01-30,"LETRA",102.6164,103.0187,101.8409,101.852,8513
2026-01-31,"LETRA",101.852,102.117,100.1714,100.2287,9084
2026-02-01,"LETRA",100.2287,101.4418,99.7925,100.9788,7257
2026-02-02,"LETRA",100.9788,101.0851,100.1035,100.189,11792
2026-02-03,"LETRA",100.189,100.4475,99.5933,99.6948,8400
2026-02-04,"LETRA",99.6948,100.3852,99.2738,99.6987,9875
2026-02-05,"LETRA",99.6987,99.8751,99.2114,99.5283,40327
2026-02-06,"LETRA",99.5283,101.1524,99.3777,100.652,7281
2026-02-07,"LETRA",100.652,100.7763,99.5675,99.7046,6265
2026-02-08,"LETRA",99.7046,100.011,99.6537,99.9624,7347
2026-02-09,"LETRA",99.9624,101.3835,99.6999,101.0131,3923
2026-02-10,"LETRA",101.0131,101.7066,100.9174,101.4759,21106
2026-02-11,"LETRA",101.4759,101.675,100.941,101.1899,8026
2026-02-12,"LETRA",101.1899,101.2542,100.6505,100.689,11088
2026-02-13,"LETRA",100.689,100.7012,99.9801,100.5147,7899
2026-02-14,"LETRA",100.5147,100.6933,99.2941,99.6589,6321
2026-02-15,"LETRA",99.6589,102.2135,99.4213,102.0471,5819
2026-02-16,"LETRA",102.0471,102.2409,101.2847,101.4354,5528
2026-02-17,"LETRA",101.4354,101.4564,100.8114,101.0576,33131
2026-02-18,"LETRA",101.0576,101.1859,100.7109,101.1816,3980
2026-02-19,"LETRA",101.1816,101.6886,98.7988,99.0269,15363
2026-02-20,"LETRA",99.0269,99.506,98.9293,99.398,7367
2026-02-21,"LETRA",99.398,100.6052,99.2067,100.5318,2934
2026-02-22,"LETRA",100.5318,103.4344,100.3738,103.0337,11787
2026-02-23,"LETRA",103.0337,103.0651,100.9993,101.3008,8148
2026-02-24,"LETRA",101.3008,102.6898,101.0437,102.3431,4222
2026-02-25,"LETRA",102.3431,102.7788,101.8961,102.4983,8199
2026-02-26,"LETRA",102.4983,104.4942,102.2958,104.205,10670
2026-02-27,"LETRA",104.205,104.2056,103.8037,104.0747,17029
2026-02-28,"LETRA",104.0747,105.8749,103.8119,105.8278,3461
2026-03-01,"LETRA",105.8278,106.4482,103.038,103.0655,8792
2026-03-02,"LETRA",103.0655,103.2571,102.0288,102.1122,5295
2026-03-03,"LETRA",102.1122,103.4169,101.8273,103.1663,4962
2026-03-04,"LETRA",103.1663,104.3624,103.0088,104.1971,7965
2026-03-05,"LETRA",104.1971,104.3508,103.784,103.7906,17898
2026-03-06,"LETRA",103.7906,103.8844,103.3988,103.5417,4669
2026-03-07,"LETRA",103.5417,103.8918,103.2905,103.4269,6691
2026-03-08,"LETRA",103.4269,105.1792,102.8221,105.1364,11447
2026-03-09,"LETRA",105.1364,105.6341,103.6243,103.7474,3969
2026-03-10,"LETRA",103.7474,104.0771,103.1717,103.6787,4929
2026-03-11,"LETRA",103.6787,103.7516,103.3087,103.4662,12336
2026-03-12,"LETRA",103.4662,105.3571,103.4593,105.2072,4873
2026-03-13,"LETRA",105.2072,105.6822,104.6811,105.3536,10045
2026-03-14,"LETRA",105.3536,105.399,104.932,105.3989,4950
2026-03-15,"LETRA",105.3989,105.415,104.5042,104.7926,16035
2026-03-16,"LETRA",104.7926,104.9973,103.0146,103.0886,11663
2026-03-17,"LETRA",103.0886,103.5849,102.3251,103.1508,16655
2026-03-18,"LETRA",103.1508,103.3469,102.3829,102.4823,7230
2026-03-19,"LETRA",102.4823,102.6193,100.6929,100.8384,18022
2026-03-20,"LETRA",100.8384,101.0927,100.4111,100.7823,7292
2026-03-21,"LETRA",100.7823,101.1803,100.2967,100.3401,13064
2026-03-22,"LETRA",100.3401,101.1233,100.1947,100.3179,8143
2026-03-23,"LETRA",100.3179,100.8562,100.0383,100.5731,18468
2026-03-24,"LETRA",100.5731,101.1289,100.11,100.953,20334
2026-03-25,"LETRA",100.953,101.4144,100.559,100.6267,6130
2026-03-26,"LETRA",100.6267,101.9482,100.0019,101.7003,4164
2026-03-27,"LETRA",101.7003,104.7018,101.3873,104.0791,3806
2026-03-28,"LETRA",104.0791,104.2012,103.1443,103.2524,4850
2026-03-29,"LETRA",103.2524,103.4437,103.0054,103.3707,2530
2026-03-30,"LETRA",103.3707,105.0868,103.259,104.7687,21471
2026-03-31,"LETRA",104.7687,106.4771,104.548,105.979,6003
2026-04-01,"LETRA",105.979,106.9602,105.6902,106.8842,3543
2026-04-02,"LETRA",106.8842,107.2119,105.3932,105.4466,2609
2026-04-03,"LETRA",105.4466,105.5752,104.9592,105.2924,11324
2026-04-04,"LETRA",105.2924,105.3341,104.358,104.4874,3596
2026-04-05,"LETRA",104.4874,104.5948,102.1265,102.1696,9287
2026-04-06,"LETRA",102.1696,102.3922,99.8014,99.8467,3993
2026-04-07,"LETRA",99.8467,101.3226,99.5499,100.9695,5287
2026-04-08,"LETRA",100.9695,102.6252,100.7427,102.5988,9334
2026-04-09,"LETRA",102.5988,102.7764,102.1983,102.1997,28337
2026-04-10,"LETRA",102.1997,102.3017,100.127,100.1722,7864
2026-04-11,"LETRA",100.1722,101.9054,99.7096,101.5754,10277
2026-04-12,"LETRA",101.5754,101.6142,100.52,100.5655,5787
2026-04-13,"LETRA",100.5655,101.008,100.4727,100.7161,1351
2026-04-14,"LETRA",100.7161,102.2521,100.5427,101.7553,13515
2026-04-15,"LETRA",101.7553,102.0847,101.1956,101.6305,15640
2026-04-16,"LETRA",101.6305,103.3045,101.4104,103.2503,15662
2026-04-17,"LETRA",103.2503,103.5339,102.2446,102.3437,4945
2026-04-18,"LETRA",102.3437,102.445,100.9537,101.06,3785
2026-04-19,"LETRA",101.06,101.8344,101.051,101.7369,10821
2026-04-20,"LETRA",101.7369,102.0366,100.6291,100.8236,2095
2026-04-21,"LETRA",100.8236,101.6777,100.4956,101.5004,2196
2026-04-22,"LETRA",101.5004,102.2094,101.0456,101.3169,5115
2026-04-23,"LETRA",101.3169,101.8187,101.3123,101.7029,8273
2026-04-24,"LETRA",101.7029,101.9836,99.0152,99.5496,2420
2026-04-25,"LETRA",99.5496,100.1649,98.9942,100.0383,5677
2026-04-26,"LETRA",100.0383,100.2409,98.9182,99.1561,4110
2026-04-27,"LETRA",99.1561,99.2925,97.5113,97.8458,7781
2026-04-28,"LETRA",97.8458,98.4544,97.5881,98.1495,2262
2026-04-29,"LETRA",98.1495,98.8999,97.9681,98.6764,19293
2026-04-30,"LETRA",98.6764,99.3629,98.3508,99.1563,6234
2026-05-01,"LETRA",99.1563,99.4141,98.3418,98.5677,14252
2026-05-02,"LETRA",98.5677,99.3641,98.1597,98.4914,7841
2026-05-03,"LETRA",98.4914,99.4019,97.9879,99.2151,1692
2026-05-04,"LETRA",99.2151,99.6594,98.0598,98.527,6007
2026-05-05,"LETRA",98.527,100.6681,98.4224,100.4196,22072
2026-05-06,"LETRA",100.4196,101.2324,100.2076,101.0237,13943
2026-05-07,"LETRA",101.0237,101.7571,100.9213,101.7288,9038
2026-05-08,"LETRA",101.7288,101.7611,100.5142,100.8733,13190
2026-05-09,"LETRA",100.8733,101.1131,98.7472,98.8884,1388
2026-05-10,"LETRA",98.8884,99.0332,98.429,99.0266,7851
2026-05-11,"LETRA",99.0266,99.4319,98.886,99.319,30939
2026-05-12,"LETRA",99.319,101.1412,99.1182,100.358,5157
2026-05-13,"LETRA",100.358,101.2135,100.1305,100.8873,12966
2026-05-14,"LETRA",100.8873,101.0885,100.5674,100.9187,4907
2026-05-15,"LETRA",100.9187,101.2018,100.1001,100.4959,15132
2026-05-16,"LETRA",100.4959,100.9769,99.9978,100.0271,6379
2026-05-17,"LETRA",100.0271,100.7308,99.9805,100.5903,7797
2026-05-18,"LETRA",100.5903,100.9143,99.4018,99.7841,5257
2026-05-19,"LETRA",99.7841,100.0359,99.0971,99.9668,11971
2026-05-20,"LETRA",99.9668,101.332,99.7866,101.0783,18287
2026-05-21,"LETRA",101.0783,101.4837,99.6238,100.1252,15579
2026-05-22,"LETRA",100.1252,100.735,99.8963,100.4683,1986
2026-05-23,"LETRA",100.4683,102.2503,100.2821,101.5574,7534
2026-05-24,"LETRA",101.5574,101.5916,99.5849,99.6464,2815
2026-05-25,"LETRA",99.6464,100.6103,98.189,98.5275,11212
2026-05-26,"LETRA",98.5275,100.3709,98.3481,100.2624,11520
2026-05-27,"LETRA",100.2624,102.064,99.9614,101.9447,12230
2026-05-28,"LETRA",101.9447,102.5677,101.8723,102.5172,8146
2026-05-29,"LETRA",102.5172,102.7035,101.8632,102.4231,16115
2026-05-30,"LETRA",102.4231,104.2059,101.8846,103.9603,849
2026-05-31,"LETRA",103.9603,104.6736,103.9081,104.1593,6480
2026-06-01,"LETRA",104.1593,104.172,103.7348,103.8588,6429
2026-06-02,"LETRA",103.8588,104.5626,102.8803,103.5281,14880
2026-06-03,"LETRA",103.5281,104.1711,103.367,103.3862,10606
2026-06-04,"LETRA",103.3862,105.6438,103.2734,105.4345,21403
2026-06-05,"LETRA",105.4345,105.5325,104.7088,104.7745,4049
2026-06-06,"LETRA",104.7745,106.3362,104.2704,105.9378,3627
2026-06-07,"LETRA",105.9378,107.3784,105.7612,106.9823,6009
2026-06-08,"LETRA",106.9823,107.0694,104.829,105.0451,13432
2026-06-09,"LETRA",105.0451,106.0231,104.8973,105.6813,17393
2026-06-10,"LETRA",105.6813,107.5802,105.0349,107.2731,13179
2026-06-11,"LETRA",107.2731,107.7683,107.0133,107.4724,7859
2026-06-12,"LETRA",107.4724,108.2075,107.3579,108.163,5219
2026-06-13,"LETRA",108.163,108.3231,105.9308,105.9704,19461
2026-06-14,"LETRA",105.9704,105.9804,105.8765,105.8953,9695
2026-06-15,"LETRA",105.8953,106.6401,105.3081,106.5251,10670
2026-06-16,"LETRA",106.5251,106.5412,106.3735,106.437,9348
2026-06-17,"LETRA",106.437,107.1883,105.8909,105.934,6797
2026-06-18,"LETRA",105.934,106.1276,103.759,104.3105,9136
2026-06-19,"LETRA",104.3105,104.5663,103.9313,104.5157,31946
2026-06-20,"LETRA",104.5157,105.6679,104.4239,105.4481,3630
2026-06-21,"LETRA",105.4481,105.7082,105.1779,105.297,5425
2026-06-22,"LETRA",105.297,106.8356,105.0752,106.8253,4466
2026-06-23,"LETRA",106.8253,107.0445,105.8318,106.0818,12590
2026-06-24,"LETRA",106.0818,106.7744,105.5571,105.9969,3689
2026-06-25,"LETRA",105.9969,106.0664,104.2701,104.4027,6333
2026-06-26,"LETRA",104.4027,104.5869,104.3829,104.4464,15623
2026-06-27,"LETRA",104.4464,104.7896,103.9983,104.7146,9611
2026-06-28,"LETRA",104.7146,104.9878,104.1522,104.5597,7936
2026-06-29,"LETRA",104.5597,104.8344,103.3526,103.5106,26774
2026-06-30,"LETRA",103.5106,103.8519,102.4437,103.2682,2074
2026-01-01,"META",434.9305,439.1317,434.3256,438.708,24584
2026-01-02,"META",438.708,441.7723,434.4942,434.9161,18338
2026-01-03,"META",434.9161,436.8582,430.8961,433.0584,10536
2026-01-04,"META",433.0584,433.9987,429.3899,431.6014,3854
2026-01-05,"META",431.6014,433.7871,431.4349,433.4194,5638
2026-01-06,"META",433.4194,433.8094,432.6508,433.0147,8261
2026-01-07,"META",433.0147,433.9505,429.8903,431.4106,5075
2026-01-08,"META",431.4106,431.9447,426.8302,428.1219,8452
2026-01-09,"META",428.1219,431.5311,427.1881,431.274,4112
2026-01-10,"META",431.274,432.7108,430.3431,431.6934,11729
2026-01-11,"META",431.6934,443.2923,430.6297,442.5635,7445
2026-01-12,"META",442.5635,442.7271,431.5239,433.7538,4876
2026-01-13,"META",433.7538,441.2314,433.6112,440.7985,4840
2026-01-14,"META",440.7985,440.8901,436.8834,437.1157,6119
2026-01-15,"META",437.1157,438.2336,435.7312,435.9583,9415
2026-01-16,"META",435.9583,440.0995,434.5636,439.1216,8974
2026-01-17,"META",439.1216,442.736,437.2791,441.9315,7382
2026-01-18,"META",441.9315,443.5192,441.4065,443.1787,4480
2026-01-19,"META",443.1787,443.7876,439.6094,441.4528,19252
2026-01-20,"META",441.4528,442.265,438.4225,438.6924,9824
2026-01-21,"META",438.6924,452.7657,437.1478,451.0975,5791
2026-01-22,"META",451.0975,451.5095,437.4067,437.7297,7428
2026-01-23,"META",437.7297,441.867,437.3647,439.3863,11602
2026-01-24,"META",439.3863,443.7206,438.5649,441.2384,2303
2026-01-25,"META",441.2384,441.6184,440.6971,440.9298,3384
2026-01-26,"META",440.9298,441.8987,440.9082,441.6418,4208
2026-01-27,"META",441.6418,443.9567,441.5718,443.4153,14776
2026-01-28,"META",443.4153,445.2023,442.8788,444.8488,7050
2026-01-29,"META",444.8488,449.2711,444.8341,446.8696,12989
2026-01-30,"META",446.8696,455.4636,444.7921,455.356,5977
2026-01-31,"META",455.356,455.839,447.7555,449.6416,19516
2026-02-01,"META",449.6416,450.2247,448.8332,449.2548,17772
2026-02-02,"META",449.2548,450.0378,445.422,447.773,10229
2026-02-03,"META",447.773,448.8896,446.9992,448.4362,3355
2026-02-04,"META",448.4362,448.7828,446.3561,448.2119,6880
2026-02-05,"META",448.2119,450.4567,443.0971,443.233,3112
2026-02-06,"META",443.233,443.8959,441.4583,441.597,2689
2026-02-07,"META",441.597,444.017,439.1709,442.7226,4524
2026-02-08,"META",442.7226,443.5046,441.1332,442.4182,14803
2026-02-09,"META",442.4182,446.073,440.7384,445.1016,17985
2026-02-10,"META",445.1016,449.0657,442.9299,448.3314,9596
2026-02-11,"META",448.3314,448.5899,443.7143,446.1076,12876
2026-02-12,"META",446.1076,447.7525,441.6258,442.1879,4761
2026-02-13,"META",442.1879,443.541,438.949,440.2924,7127
2026-02-14,"META",440.2924,440.3807,439.1897,439.1972,3380
2026-02-15,"META",439.1972,439.2779,433.2782,433.4586,7184
2026-02-16,"META",433.4586,433.7801,425.7787,427.4114,38603
2026-02-17,"META",427.4114,428.9704,421.9653,422.6655,9941
2026-02-18,"META",422.6655,427.5634,421.0134,427.1348,8887
2026-02-19,"META",427.1348,431.3116,426.9102,430.016,22775
2026-02-20,"META",430.016,434.6912,428.9852,433.9192,29059
2026-02-21,"META",433.9192,435.3506,431.2101,432.1092,8451
2026-02-22,"META",432.1092,432.3272,427.5589,427.7334,15446
2026-02-23,"META",427.7334,428.6383,427.7311,428.547,4902
2026-02-24,"META",428.547,435.9185,426.1059,433.7624,1798
2026-02-25,"META",433.7624,433.8222,431.9968,432.7178,7549
2026-02-26,"META",432.7178,435.6417,432.3165,434.1954,5483
2026-02-27,"META",434.1954,436.1569,432.1961,435.3487,17259
2026-02-28,"META",435.3487,439.9592,434.3855,439.203,15998
2026-03-01,"META",439.203,439.2811,437.1846,437.9183,11538
2026-03-02,"META",437.9183,439.7539,437.115,439.1732,11767
2026-03-03,"META",439.1732,439.7918,434.7692,436.8247,10917
2026-03-04,"META",436.8247,441.0633,435.1501,439.1586,8971
2026-03-05,"META",439.1586,439.4086,435.3261,435.8758,7583
2026-03-06,"META",435.8758,438.6119,435.8437,436.3614,5921
2026-03-07,"META",436.3614,444.4394,435.9122,441.77,7120
2026-03-08,"META",441.77,442.3871,440.8262,441.1845,6985
2026-03-09,"META",441.1845,451.1969,440.8514,450.8382,6162
2026-03-10,"META",450.8382,453.5178,446.9869,449.4373,10304
2026-03-11,"META",449.4373,453.0525,447.8232,451.815,11034
2026-03-12,"META",451.815,452.1501,445.3525,446.0031,44982
2026-03-13,"META",446.0031,446.92,443.8937,445.4455,11553
2026-03-14,"META",445.4455,446.4036,437.4979,439.4045,10573
2026-03-15,"META",439.4045,440.758,434.1813,436.1213,10656
2026-03-16,"META",436.1213,436.2577,428.8953,430.7963,3336
2026-03-17,"META",430.7963,432.2833,422.1449,423.4788,7322
2026-03-18,"META",423.4788,423.6747,421.8939,422.0641,5025
2026-03-19,"META",422.0641,422.5864,414.0661,414.3809,3837
2026-03-20,"META",414.3809,415.2688,413.0654,413.1649,2780
2026-03-21,"META",413.1649,417.7985,412.7186,417.4264,14223
2026-03-22,"META",417.4264,419.8814,416.9265,418.1645,11817
2026-03-23,"META",418.1645,418.4091,413.4085,414.1155,7949
2026-03-24,"META",414.1155,417.4148,407.9564,410.1037,2372
2026-03-25,"META",410.1037,414.2382,409.0287,413.2168,6257
2026-03-26,"META",413.2168,414.0266,404.5355,405.3883,10616
2026-03-27,"META",405.3883,405.4578,403.7539,405.1116,9346
2026-03-28,"META",405.1116,405.8101,398.6514,398.9871,4075
2026-03-29,"META",398.9871,402.1692,398.2353,399.3979,17624
2026-03-30,"META",399.3979,401.4479,392.7862,392.8944,2482
2026-03-31,"META",392.8944,396.5607,392.5276,394.2618,8786
2026-04-01,"META",394.2618,395.2704,386.9828,389.8713,6250
2026-04-02,"META",389.8713,392.5863,388.3646,391.4534,4571
2026-04-03,"META",391.4534,399.5674,390.033,396.3081,2754
2026-04-04,"META",396.3081,397.5789,390.0187,390.1676,13074
2026-04-05,"META",390.1676,391.0987,385.4502,386.8651,5643
2026-04-06,"META",386.8651,388.0161,380.1318,382.3657,4614
2026-04-07,"META",382.3657,383.7533,380.7737,383.053,2981
2026-04-08,"META",383.053,387.2215,382.4758,386.7955,21020
2026-04-09,"META",386.7955,387.6224,384.6448,387.4161,11961
2026-04-10,"META",387.4161,402.2609,387.022,400.4128,10055
2026-04-11,"META",400.4128,401.8011,399.6587,400.0081,8881
2026-04-12,"META",400.0081,401.8907,398.8339,400.6172,6465
2026-04-13,"META",400.6172,401.1629,398.4901,400.0152,6747
2026-04-14,"META",400.0152,403.614,397.8212,402.4891,16148
2026-04-15,"META",402.4891,402.7035,401.4442,401.9082,4572
2026-04-16,"META",401.9082,402.5286,399.6163,400.9058,32806
2026-04-17,"META",400.9058,402.0287,398.2912,398.9408,4548
2026-04-18,"META",398.9408,400.0426,395.4754,395.8253,21523
2026-04-19,"META",395.8253,402.2401,395.1673,401.1699,5429
2026-04-20,"META",401.1699,404.2503,400.7629,403.6547,11598
2026-04-21,"META",403.6547,410.6732,403.4311,409.2085,3967
2026-04-22,"META",409.2085,411.1953,406.7669,407.1557,5839
2026-04-23,"META",407.1557,410.3006,407.0334,408.3532,3662
2026-04-24,"META",408.3532,411.3119,407.6246,409.8837,6991
2026-04-25,"META",409.8837,409.99,402.3282,403.2313,12372
2026-04-26,"META",403.2313,409.2356,403.0503,407.2128,21197
2026-04-27,"META",407.2128,408.575,406.0548,407.4346,2545
2026-04-28,"META",407.4346,409.6364,407.3327,409.455,14550
2026-04-29,"META",409.455,412.8794,409.3366,412.0862,19689
2026-04-30,"META",412.0862,412.9185,409.5208,412.8354,8695
2026-05-01,"META",412.8354,413.2933,404.5834,406.9042,5127
2026-05-02,"META",406.9042,410.931,406.5526,409.6534,13619
2026-05-03,"META",409.6534,414.1555,408.6825,412.5069,15994
2026-05-04,"META",412.5069,414.0322,411.155,411.7394,10140
2026-05-05,"META",411.7394,415.2897,410.9011,414.8421,14549
2026-05-06,"META",414.8421,415.8359,412.1642,415.0289,5849
2026-05-07,"META",415.0289,415.9578,407.8234,408.1626,35139
2026-05-08,"META",408.1626,411.5598,407.6369,410.7494,2501
2026-05-09,"META",410.7494,414.0737,410.3357,412.0934,6458
2026-05-10,"META",412.0934,417.9458,411.1568,416.6193,6106
2026-05-11,"META",416.6193,418.2727,409.889,411.6098,3529
2026-05-12,"META",411.6098,414.8092,408.0874,408.5938,10107
2026-05-13,"META",408.5938,409.441,402.3725,403.2146,3961
2026-05-14,"META",403.2146,403.231,400.1339,400.2545,10199
2026-05-15,"META",400.2545,404.3241,400.0687,402.8403,8680
2026-05-16,"META",402.8403,406.9589,402.3462,406.2853,7580
2026-05-17,"META",406.2853,406.6038,403.0263,405.1159,4871
2026-05-18,"META",405.1159,405.3281,401.4586,402.5323,9053
2026-05-19,"META",402.5323,403.071,397.9401,398.1089,9771
2026-05-20,"META",398.1089,405.9739,397.8847,405.4771,9178
2026-05-21,"META",405.4771,412.2446,405.0153,409.4641,8900
2026-05-22,"META",409.4641,410.0549,404.4115,404.9631,8954
2026-05-23,"META",404.9631,406.2568,404.5126,405.5626,7891
2026-05-24,"META",405.5626,405.8342,404.2771,404.6233,3175
2026-05-25,"META",404.6233,406.3321,404.4957,404.7089,2253
2026-05-26,"META",404.7089,406.6766,404.0041,406.1912,14844
2026-05-27,"META",406.1912,417.2456,404.7739,415.1724,4925
2026-05-28,"META",415.1724,420.6128,414.0246,419.6536,6819
2026-05-29,"META",419.6536,421.4239,419.0941,421.3216,6675
2026-05-30,"META",421.3216,422.1208,417.2134,417.4134,26516
2026-05-31,"META",417.4134,425.2031,415.8235,424.0534,21619
2026-06-01,"META",424.0534,427.1842,422.9007,426.7444,6782
2026-06-02,"META",426.7444,429.3713,426.6734,428.0625,6425
2026-06-03,"META",428.0625,429.3929,425.034,426.5598,3208
2026-06-04,"META",426.5598,428.421,420.0139,420.2736,14653
2026-06-05,"META",420.2736,425.167,419.9883,424.1108,1450
2026-06-06,"META",424.1108,424.484,422.8446,423.4926,6289
2026-06-07,"META",423.4926,429.4716,422.5493,428.3113,9165
2026-06-08,"META",428.3113,433.3045,425.8841,432.9735,4295
2026-06-09,"META",432.9735,434.0685,431.0811,432.6825,19252
2026-06-10,"META",432.6825,432.882,430.0329,430.7659,9307
2026-06-11,"META",430.7659,438.2301,430.4386,436.9646,29538
2026-06-12,"META",436.9646,442.3514,436.7277,439.6377,67810
2026-06-13,"META",439.6377,442.6896,438.6567,440.6077,6323
2026-06-14,"META",440.6077,448.0863,439.9701,446.3666,4630
2026-06-15,"META",446.3666,457.6779,444.1074,455.2724,39941
2026-06-16,"META",455.2724,456.7615,447.9039,448.856,1893
2026-06-17,"META",448.856,451.2799,448.0119,450.512,9880
2026-06-18,"META",450.512,456.0583,449.9339,455.3519,11956
2026-06-19,"META",455.3519,456.0617,451.0289,452.4057,27897
2026-06-20,"META",452.4057,454.5914,449.1202,450.0546,4938
2026-06-21,"META",450.0546,451.8632,443.2859,444.1238,3826
2026-06-22,"META",444.1238,445.6389,442.8357,443.8191,8851
2026-06-23,"META",443.8191,444.417,440.5444,440.976,13990
2026-06-24,"META",440.976,441.4361,435.6051,435.7893,21100
2026-06-25,"META",435.7893,443.6147,435.7131,443.3979,24306
2026-06-26,"META",443.3979,444.0822,437.931,438.0707,6046
2026-06-27,"META",438.0707,439.8262,436.3821,438.3043,2723
2026-06-28,"META",438.3043,438.9573,437.9506,438.7048,15764
2026-06-29,"META",438.7048,442.5645,436.962,441.1527,6038
2026-06-30,"META",441.1527,441.5868,435.9949,436.2792,3312
2026-01-01,"MSFT",119.8568,120.344,119.4516,119.7281,4455
2026-01-02,"MSFT",119.7281,119.777,119.2508,119.7406,6318
2026-01-03,"MSFT",119.7406,119.7445,117.6938,118.316,18057
2026-01-04,"MSFT",118.316,119.6485,118.1546,119.1854,25644
2026-01-05,"MSFT",119.1854,119.474,117.7977,117.8193,6778
2026-01-06,"MSFT",117.8193,118.6387,117.5468,118.4526,6175
2026-01-07,"MSFT",118.4526,118.4828,117.5543,118.0926,6296
2026-01-08,"MSFT",118.0926,118.1732,116.0552,116.1136,3137
2026-01-09,"MSFT",116.1136,116.1779,115.0033,115.4808,9738
2026-01-10,"MSFT",115.4808,116.0081,115.3491,116.0071,14122
2026-01-11,"MSFT",116.0071,116.3169,114.8908,115.2561,7669
2026-01-12,"MSFT",115.2561,116.4472,114.9844,116.1201,17907
2026-01-13,"MSFT",116.1201,116.4129,114.6717,114.9761,10933
2026-01-14,"MSFT",114.9761,115.3724,114.8816,114.888,10340
2026-01-15,"MSFT",114.888,115.0747,112.4723,112.9942,12806
2026-01-16,"MSFT",112.9942,113.3873,112.1177,112.2623,10529
2026-01-17,"MSFT",112.2623,112.2789,111.0652,111.2985,4896
2026-01-18,"MSFT",111.2985,111.4171,110.2062,110.6604,23815
2026-01-19,"MSFT",110.6604,110.8244,109.9894,110.3781,4798
2026-01-20,"MSFT",110.3781,110.8263,110.0777,110.7146,3078
2026-01-21,"MSFT",110.7146,110.7408,109.9761,110.034,5588
2026-01-22,"MSFT",110.034,110.9729,109.8174,110.8011,9313
2026-01-23,"MSFT",110.8011,111.1851,109.666,109.8027,3906
2026-01-24,"MSFT",109.8027,110.3442,109.534,110.3064,17010
2026-01-25,"MSFT",110.3064,110.452,109.4475,109.7339,9432
2026-01-26,"MSFT",109.7339,111.9091,109.6095,111.8336,3875
2026-01-27,"MSFT",111.8336,112.2696,111.3968,111.749,31439
2026-01-28,"MSFT",111.749,113.0276,110.7964,112.5521,8206
2026-01-29,"MSFT",112.5521,113.7392,112.3961,113.5013,3568
2026-01-30,"MSFT",113.5013,114.176,112.8038,112.9355,9015
2026-01-31,"MSFT",112.9355,113.9321,112.4116,113.5861,30305
2026-02-01,"MSFT",113.5861,113.656,112.3631,112.5926,4526
2026-02-02,"MSFT",112.5926,114.2516,112.3038,113.878,2881
2026-02-03,"MSFT",113.878,114.9603,113.8696,114.8686,5587
2026-02-04,"MSFT",114.8686,115.5476,114.1958,114.8131,10943
2026-02-05,"MSFT",114.8131,114.9164,114.0623,114.4471,6572
2026-02-06,"MSFT",114.4471,114.6554,112.078,112.7781,10630
2026-02-07,"MSFT",112.7781,113.2672,112.755,113.1256,4965
2026-02-08,"MSFT",113.1256,114.2312,112.9769,114.0364,10958
2026-02-09,"MSFT",114.0364,114.1932,112.8372,112.8487,11155
2026-02-10,"MSFT",112.8487,113.696,112.2663,113.5962,7430
2026-02-11,"MSFT",113.5962,114.896,113.2806,114.4381,9731
2026-02-12,"MSFT",114.4381,116.8263,114.1497,116.5372,9758
2026-02-13,"MSFT",116.5372,116.784,114.9558,115.5765,10859
2026-02-14,"MSFT",115.5765,116.7398,115.2539,116.0232,21127
2026-02-15,"MSFT",116.0232,116.1051,112.9491,113.5467,17657
2026-02-16,"MSFT",113.5467,113.7589,113.4714,113.6826,34616
2026-02-17,"MSFT",113.6826,114.6862,113.354,114.4798,35770
2026-02-18,"MSFT",114.4798,116.1205,114.1199,115.9525,6988
2026-02-19,"MSFT",115.9525,116.3104,114.3485,114.6574,8754
2026-02-20,"MSFT",114.6574,115.5777,114.4711,115.2822,3986
2026-02-21,"MSFT",115.2822,115.6764,115.178,115.238,2376
2026-02-22,"MSFT",115.238,115.7565,114.6665,115.7004,16737
2026-02-23,"MSFT",115.7004,117.3688,115.2628,116.9648,10555
2026-02-24,"MSFT",116.9648,117.1548,116.83,117.032,83807
2026-02-25,"MSFT",117.032,119.116,116.78,119.0216,8452
2026-02-26,"MSFT",119.0216,119.4684,118.0263,118.0658,6981
2026-02-27,"MSFT",118.0658,120.0992,117.9174,119.6516,14206
2026-02-28,"MSFT",119.6516,121.3703,119.4871,121.0095,2717
2026-03-01,"MSFT",121.0095,121.2521,119.0161,119.06,4549
2026-03-02,"MSFT",119.06,119.1052,118.4144,118.6631,17282
2026-03-03,"MSFT",118.6631,118.7612,117.1208,117.2341,9630
2026-03-04,"MSFT",117.2341,118.745,117.0855,118.4361,10172
2026-03-05,"MSFT",118.4361,120.9085,118.2631,120.5339,8767
2026-03-06,"MSFT",120.5339,120.6466,116.6972,116.9279,3439
2026-03-07,"MSFT",116.9279,119.678,116.7748,119.5109,2336
2026-03-08,"MSFT",119.5109,119.8622,119.2282,119.6804,2525
2026-03-09,"MSFT",119.6804,120.1444,119.4607,119.8449,13693
2026-03-10,"MSFT",119.8449,119.8728,118.0235,118.1844,7860
2026-03-11,"MSFT",118.1844,119.0872,117.7512,118.3373,7809
2026-03-12,"MSFT",118.3373,118.5653,117.1081,117.6275,15474
2026-03-13,"MSFT",117.6275,119.1324,117.4125,118.8169,18657
2026-03-14,"MSFT",118.8169,118.8892,116.7061,117.2117,3115
2026-03-15,"MSFT",117.2117,117.565,115.8466,115.9887,11362
2026-03-16,"MSFT",115.9887,116.8694,115.9769,116.5683,25138
2026-03-17,"MSFT",116.5683,116.7772,116.068,116.4632,26471
2026-03-18,"MSFT",116.4632,116.6052,115.4164,116.1127,8128
2026-03-19,"MSFT",116.1127,116.3671,114.8382,114.8918,15520
2026-03-20,"MSFT",114.8918,115.7255,114.8206,115.3925,13521
2026-03-21,"MSFT",115.3925,115.6101,114.6098,114.7424,27834
2026-03-22,"MSFT",114.7424,114.7931,114.4119,114.4781,27783
2026-03-23,"MSFT",114.4781,114.8925,113.936,114.783,4133
2026-03-24,"MSFT",114.783,117.4281,114.7137,116.7499,4668
2026-03-25,"MSFT",116.7499,117.2466,116.2312,116.7397,34680
2026-03-26,"MSFT",116.7397,117.1375,115.2735,115.4518,11071
2026-03-27,"MSFT",115.4518,115.993,114.9445,114.9815,6048
2026-03-28,"MSFT",114.9815,115.3194,113.7047,113.8172,12119
2026-03-29,"MSFT",113.8172,114.4599,113.5044,114.42,6330
2026-03-30,"MSFT",114.42,114.7165,113.4936,113.5205,13178
2026-03-31,"MSFT",113.5205,113.7785,112.9357,113.0739,5041
2026-04-01,"MSFT",113.0739,113.5849,112.9168,113.105,12239
2026-04-02,"MSFT",113.105,113.2092,112.306,112.3833,21983
2026-04-03,"MSFT",112.3833,112.436,112.2462,112.2466,11426
2026-04-04,"MSFT",112.2466,112.3768,111.254,111.4135,9425
2026-04-05,"MSFT",111.4135,112.1926,110.9771,111.6546,2162
2026-04-06,"MSFT",111.6546,114.5783,111.6524,113.6151,6934
2026-04-07,"MSFT",113.6151,113.8683,113.2264,113.2298,8294
2026-04-08,"MSFT",113.2298,114.4703,113.2272,113.8863,11669
2026-04-09,"MSFT",113.8863,114.0904,112.0951,112.4818,6552
2026-04-10,"MSFT",112.4818,112.5562,111.9626,112.2924,7706
2026-04-11,"MSFT",112.2924,112.312,111.5913,111.7978,10164
2026-04-12,"MSFT",111.7978,112.4535,111.7172,112.4074,5038
2026-04-13,"MSFT",112.4074,112.9754,112.2016,112.5046,9145
2026-04-14,"MSFT",112.5046,112.6286,112.0179,112.5373,8466
2026-04-15,"MSFT",112.5373,114.679,111.7637,114.5367,3046
2026-04-16,"MSFT",114.5367,114.5686,114.1423,114.247,5669
2026-04-17,"MSFT",114.247,114.6111,113.7031,114.4092,6929
2026-04-18,"MSFT",114.4092,114.5951,114.2064,114.4743,6918
2026-04-19,"MSFT",114.4743,114.7065,114.0601,114.0908,3382
2026-04-20,"MSFT",114.0908,115.6619,113.8668,115.1152,13997
2026-04-21,"MSFT",115.1152,116.2562,114.7829,116.0236,18479
2026-04-22,"MSFT",116.0236,118.8086,115.5158,118.3285,7215
2026-04-23,"MSFT",118.3285,118.8332,118.3277,118.4616,3532
2026-04-24,"MSFT",118.4616,118.8415,118.097,118.8167,11958
2026-04-25,"MSFT",118.8167,119.548,118.7285,119.2585,11834
2026-04-26,"MSFT",119.2585,121.5861,119.0017,121.4838,3938
2026-04-27,"MSFT",121.4838,121.9153,120.8116,120.8775,7131
2026-04-28,"MSFT",120.8775,121.1085,120.7671,120.9509,10229
2026-04-29,"MSFT",120.9509,121.0452,120.4314,120.8758,3327
2026-04-30,"MSFT",120.8758,120.9427,119.6642,119.8,7703
2026-05-01,"MSFT",119.8,120.4584,119.485,119.9535,2493
2026-05-02,"MSFT",119.9535,120.1838,118.4808,118.5642,7392
2026-05-03,"MSFT",118.5642,118.7148,117.0847,117.4927,6553
2026-05-04,"MSFT",117.4927,117.7547,117.4831,117.5939,8467
2026-05-05,"MSFT",117.5939,119.5082,117.0681,119.3343,13516
2026-05-06,"MSFT",119.3343,120.3941,119.0366,120.1171,6394
2026-05-07,"MSFT",120.1171,122.5815,120.032,122.2057,29281
2026-05-08,"MSFT",122.2057,122.2631,120.8306,121.1627,4860
2026-05-09,"MSFT",121.1627,122.7504,121.0515,122.6831,14344
2026-05-10,"MSFT",122.6831,124.8863,122.252,124.7465,9116
2026-05-11,"MSFT",124.7465,125.0773,122.8216,123.5152,11576
2026-05-12,"MSFT",123.5152,123.6817,120.4089,121.0998,26202
2026-05-13,"MSFT",121.0998,121.8093,120.7681,120.7733,3874
2026-05-14,"MSFT",120.7733,121.7166,120.6335,121.5124,16647
2026-05-15,"MSFT",121.5124,121.9867,121.4506,121.9315,3229
2026-05-16,"MSFT",121.9315,122.8934,121.7572,122.7926,10808
2026-05-17,"MSFT",122.7926,123.163,120.7268,121.1071,2807
2026-05-18,"MSFT",121.1071,121.6091,120.2087,120.3274,4465
2026-05-19,"MSFT",120.3274,121.9357,119.9797,121.8466,5152
2026-05-20,"MSFT",121.8466,122.1219,121.2368,121.9606,1883
2026-05-21,"MSFT",121.9606,122.4717,121.4815,121.878,6254
2026-05-22,"MSFT",121.878,123.1255,121.475,122.2253,3141
2026-05-23,"MSFT",122.2253,123.9907,121.5943,123.4969,478
2026-05-24,"MSFT",123.4969,123.5094,120.5885,120.8865,7215
2026-05-25,"MSFT",120.8865,121.0972,118.6529,118.9717,12940
2026-05-26,"MSFT",118.9717,120.5216,118.6104,119.8868,3516
2026-05-27,"MSFT",119.8868,122.2624,119.8214,122.0696,5235
2026-05-28,"MSFT",122.0696,122.1719,121.7958,121.9327,9141
2026-05-29,"MSFT",121.9327,122.4018,121.2291,121.3082,6651
2026-05-30,"MSFT",121.3082,121.7529,120.9729,121.2673,6034
2026-05-31,"MSFT",121.2673,121.5577,120.3141,120.3905,19237
2026-06-01,"MSFT",120.3905,120.9082,119.0717,119.3858,21248
2026-06-02,"MSFT",119.3858,119.4549,117.4555,117.9095,7102
2026-06-03,"MSFT",117.9095,118.9729,117.3372,118.4532,12271
2026-06-04,"MSFT",118.4532,119.0057,118.3894,118.597,6691
2026-06-05,"MSFT",118.597,119.3587,116.8606,117.4039,8961
2026-06-06,"MSFT",117.4039,117.5382,116.8599,117.1986,5185
2026-06-07,"MSFT",117.1986,118.08,116.8903,117.7509,4246
2026-06-08,"MSFT",117.7509,118.2307,116.4291,116.7874,23570
2026-06-09,"MSFT",116.7874,116.8496,114.8936,115.4891,19318
2026-06-10,"MSFT",115.4891,115.9494,115.3741,115.6448,11831
2026-06-11,"MSFT",115.6448,116.6534,115.4396,116.2344,1686
2026-06-12,"MSFT",116.2344,116.3829,115.1302,115.1486,5457
2026-06-13,"MSFT",115.1486,115.2258,112.8262,112.9938,3366
2026-06-14,"MSFT",112.9938,113.641,112.6941,113.5399,12719
2026-06-15,"MSFT",113.5399,113.7932,112.9021,112.9418,12144
2026-06-16,"MSFT",112.9418,114.9906,112.4711,114.8766,5212
2026-06-17,"MSFT",114.8766,115.1797,114.6349,115.0036,16816
2026-06-18,"MSFT",115.0036,116.5128,114.9329,116.2296,14891
2026-06-19,"MSFT",116.2296,116.9504,115.8697,116.6978,4259
2026-06-20,"MSFT",116.6978,117.0049,116.4877,116.6023,7813
2026-06-21,"MSFT",116.6023,118.0591,116.2967,117.9419,7767
2026-06-22,"MSFT",117.9419,119.0073,117.6963,118.711,5662
2026-06-23,"MSFT",118.711,119.4722,118.1761,118.6527,4917
2026-06-24,"MSFT",118.6527,121.1583,118.5927,120.0567,10694
2026-06-25,"MSFT",120.0567,121.8779,119.6443,121.8438,20153
2026-06-26,"MSFT",121.8438,122.7092,121.6363,122.214,10347
2026-06-27,"MSFT",122.214,123.7073,122.1171,123.3765,15137
2026-06-28,"MSFT",123.3765,123.5438,121.9302,122.3096,4201
2026-06-29,"MSFT",122.3096,123.6119,121.5275,123.2864,4173
2026-06-30,"MSFT",123.2864,123.9831,123.2834,123.5921,10812
2026-01-01,"NVDA",442.4755,443.4749,439.814,441.6296,22558
2026-01-02,"NVDA",441.6296,442.4593,440.685,442.079,16438
2026-01-03,"NVDA",442.079,443.0623,435.0038,438.5553,2208
2026-01-04,"NVDA",438.5553,439.1858,436.5887,437.7901,15945
2026-01-05,"NVDA",437.7901,438.9188,434.2717,435.2432,30519
2026-01-06,"NVDA",435.2432,439.8697,433.299,438.6443,7716
2026-01-07,"NVDA",438.6443,445.6931,437.9972,444.1894,4907
2026-01-08,"NVDA",444.1894,449.5538,443.3411,449.2929,13478
2026-01-09,"NVDA",449.2929,449.6183,445.8605,446.7891,6414
2026-01-10,"NVDA",446.7891,447.803,439.9171,442.852,6258
2026-01-11,"NVDA",442.852,443.0466,436.1028,436.9713,2922
2026-01-12,"NVDA",436.9713,437.8394,436.4443,436.7234,4600
2026-01-13,"NVDA",436.7234,436.8619,434.2379,436.0811,2848
2026-01-14,"NVDA",436.0811,436.4423,433.5102,433.7435,3443
2026-01-15,"NVDA",433.7435,434.7579,425.4621,427.1962,21525
2026-01-16,"NVDA",427.1962,432.5405,427.1278,431.6013,7786
2026-01-17,"NVDA",431.6013,437.6004,430.8047,437.3595,5053
2026-01-18,"NVDA",437.3595,445.5152,435.9768,444.1162,10799
2026-01-19,"NVDA",444.1162,447.3822,443.1657,446.855,1962
2026-01-20,"NVDA",446.855,447.5932,437.3756,438.6406,11223
2026-01-21,"NVDA",438.6406,443.5309,438.3283,441.7804,5751
2026-01-22,"NVDA",441.7804,442.8795,440.407,440.6497,32875
2026-01-23,"NVDA",440.6497,441.5475,437.6478,438.097,9500
2026-01-24,"NVDA",438.097,446.1042,437.7591,446.0664,20266
2026-01-25,"NVDA",446.0664,449.1343,444.4944,448.3086,16496
2026-01-26,"NVDA",448.3086,448.4375,443.8042,446.2532,20801
2026-01-27,"NVDA",446.2532,446.6683,443.9766,445.2539,4551
2026-01-28,"NVDA",445.2539,451.1565,443.4994,450.8905,7898
2026-01-29,"NVDA",450.8905,451.5412,448.0364,448.3939,9788
2026-01-30,"NVDA",448.3939,449.0768,445.1602,445.9865,13764
2026-01-31,"NVDA",445.9865,451.2826,445.727,449.0343,10479
2026-02-01,"NVDA",449.0343,451.0269,448.5028,449.5781,5717
2026-02-02,"NVDA",449.5781,453.4697,448.2378,452.8113,8320
2026-02-03,"NVDA",452.8113,453.3978,452.1397,453.219,4215
2026-02-04,"NVDA",453.219,459.7501,451.4542,458.8832,10290
2026-02-05,"NVDA",458.8832,459.991,454.8263,457.1183,10680
2026-02-06,"NVDA",457.1183,462.8994,455.8125,461.3568,4301
2026-02-07,"NVDA",461.3568,461.5166,459.153,460.3302,7841
2026-02-08,"NVDA",460.3302,463.724,453.8797,455.1006,29478
2026-02-09,"NVDA",455.1006,456.2891,448.0428,448.7515,35189
2026-02-10,"NVDA",448.7515,449.0199,438.1988,438.5843,5738
2026-02-11,"NVDA",438.5843,441.2522,437.613,441.1373,2472
2026-02-12,"NVDA",441.1373,447.058,440.3125,446.4186,9504
2026-02-13,"NVDA",446.4186,449.6548,445.2157,447.4848,10624
2026-02-14,"NVDA",447.4848,448.3209,442.6046,444.1554,7353
2026-02-15,"NVDA",444.1554,445.7542,443.7136,444.9847,8368
2026-02-16,"NVDA",444.9847,453.9777,444.5778,452.3049,4104
2026-02-17,"NVDA",452.3049,466.2706,451.9933,466.1174,10892
2026-02-18,"NVDA",466.1174,472.2599,465.8941,469.7191,21743
2026-02-19,"NVDA",469.7191,471.4968,461.6824,462.6144,7375
2026-02-20,"NVDA",462.6144,463.019,460.8996,461.6321,4285
2026-02-21,"NVDA",461.6321,468.1312,461.4689,467.2815,4369
2026-02-22,"NVDA",467.2815,467.8699,456.6038,458.8587,3740
2026-02-23,"NVDA",458.8587,459.7028,453.2664,454.2912,2782
2026-02-24,"NVDA",454.2912,456.3908,450.0167,450.5187,13756
2026-02-25,"NVDA",450.5187,452.1413,449.2549,451.225,13089
2026-02-26,"NVDA",451.225,451.8722,447.2542,447.8601,6012
2026-02-27,"NVDA",447.8601,451.0442,445.7169,450.1004,9580
2026-02-28,"NVDA",450.1004,450.1938,448.8292,449.5778,20044
2026-03-01,"NVDA",449.5778,451.086,448.3246,450.8869,5744
2026-03-02,"NVDA",450.8869,452.4577,449.7991,451.967,11091
2026-03-03,"NVDA",451.967,452.8674,448.7399,448.8159,6377
2026-03-04,"NVDA",448.8159,456.561,448.2482,455.5726,4623
2026-03-05,"NVDA",455.5726,456.298,449.0424,451.7822,7337
2026-03-06,"NVDA",451.7822,453.1567,450.9059,452.4618,7962
2026-03-07,"NVDA",452.4618,455.162,450.9314,454.1443,6709
2026-03-08,"NVDA",454.1443,454.8351,450.0288,451.9832,7853
2026-03-09,"NVDA",451.9832,454.8497,451.8137,453.596,8098
2026-03-10,"NVDA",453.596,453.8973,448.5905,449.3191,14093
2026-03-11,"NVDA",449.3191,455.3146,448.1166,454.229,27362
2026-03-12,"NVDA",454.229,456.8356,449.1301,449.4678,6402
2026-03-13,"NVDA",449.4678,450.8345,445.7629,447.0017,7666
2026-03-14,"NVDA",447.0017,448.5644,442.9327,443.2462,12400
2026-03-15,"NVDA",443.2462,445.2136,441.1296,442.0227,15367
2026-03-16,"NVDA",442.0227,449.8531,440.9648,448.2468,10503
2026-03-17,"NVDA",448.2468,452.6646,439.1126,441.8951,14550
2026-03-18,"NVDA",441.8951,443.208,441.2844,442.9086,8424
2026-03-19,"NVDA",442.9086,443.8118,442.2907,442.4683,6133
2026-03-20,"NVDA",442.4683,450.1581,441.4895,448.9583,1140
2026-03-21,"NVDA",448.9583,457.1598,447.1789,456.4828,13312
2026-03-22,"NVDA",456.4828,458.1784,453.8814,453.9531,11186
2026-03-23,"NVDA",453.9531,454.0519,447.0567,448.6981,4547
2026-03-24,"NVDA",448.6981,450.7969,447.861,449.2123,9326
2026-03-25,"NVDA",449.2123,459.9919,449.1931,458.2716,9082
2026-03-26,"NVDA",458.2716,463.0078,455.8788,461.9696,3167
2026-03-27,"NVDA",461.9696,462.7786,461.1947,461.6746,6462
2026-03-28,"NVDA",461.6746,467.7465,461.4159,466.3069,9974
2026-03-29,"NVDA",466.3069,468.7319,461.767,463.9139,1109
2026-03-30,"NVDA",463.9139,468.1972,463.5564,465.6627,5892
2026-03-31,"NVDA",465.6627,466.2958,460.7533,461.0848,11088
2026-04-01,"NVDA",461.0848,461.5051,459.8856,461.1534,5022
2026-04-02,"NVDA",461.1534,466.845,460.7857,466.5063,8856
2026-04-03,"NVDA",466.5063,471.3956,464.9164,469.7721,2379
2026-04-04,"NVDA",469.7721,472.0336,469.2201,471.1754,6974
2026-04-05,"NVDA",471.1754,471.2835,470.1706,471.1951,15651
2026-04-06,"NVDA",471.1951,473.8819,469.384,470.6577,20526
2026-04-07,"NVDA",470.6577,480.2433,470.3755,478.8762,3950
2026-04-08,"NVDA",478.8762,479.0706,477.7004,478.3414,7251
2026-04-09,"NVDA",478.3414,481.0607,476.6894,480.7023,6045
2026-04-10,"NVDA",480.7023,483.0369,480.6256,482.5397,43694
2026-04-11,"NVDA",482.5397,483.6005,469.5289,469.7487,6753
2026-04-12,"NVDA",469.7487,479.1646,468.8213,476.8963,8942
2026-04-13,"NVDA",476.8963,483.5096,474.9934,482.7113,9032
2026-04-14,"NVDA",482.7113,487.615,481.6986,486.4943,5593
2026-04-15,"NVDA",486.4943,489.047,482.9842,484.0674,4816
2026-04-16,"NVDA",484.0674,486.1413,482.9102,485.4548,22638
2026-04-17,"NVDA",485.4548,486.7147,483.9252,484.5955,6362
2026-04-18,"NVDA",484.5955,487.4461,484.1654,486.5912,13497
2026-04-19,"NVDA",486.5912,487.2173,485.4846,486.7667,6452
2026-04-20,"NVDA",486.7667,487.8361,485.2143,486.8872,4803
2026-04-21,"NVDA",486.8872,488.8389,483.4399,486.1488,3870
2026-04-22,"NVDA",486.1488,486.9222,476.1458,479.6513,3223
2026-04-23,"NVDA",479.6513,480.4683,477.3392,480.2327,4348
2026-04-24,"NVDA",480.2327,480.3104,476.1027,477.2063,5438
2026-04-25,"NVDA",477.2063,478.1759,472.8973,474.7249,11993
2026-04-26,"NVDA",474.7249,484.3745,474.1348,482.1884,8747
2026-04-27,"NVDA",482.1884,483.551,481.4946,481.9285,6639
2026-04-28,"NVDA",481.9285,483.9611,481.9278,482.5927,6417
2026-04-29,"NVDA",482.5927,484.0558,476.8834,479.343,47189
2026-04-30,"NVDA",479.343,480.4254,477.3489,479.3549,19227
2026-05-01,"NVDA",479.3549,480.3501,472.9497,473.904,5321
2026-05-02,"NVDA",473.904,476.7623,473.6299,475.5426,15075
2026-05-03,"NVDA",475.5426,478.4896,474.9969,475.7709,9376
2026-05-04,"NVDA",475.7709,478.1465,471.5833,473.4215,7032
2026-05-05,"NVDA",473.4215,475.8875,473.1278,474.3775,12303
2026-05-06,"NVDA",474.3775,476.8183,472.7503,475.8133,9267
2026-05-07,"NVDA",475.8133,478.7723,474.6164,477.6908,41435
2026-05-08,"NVDA",477.6908,481.1201,477.2208,480.0937,6685
2026-05-09,"NVDA",480.0937,481.0125,476.1543,477.5037,6379
2026-05-10,"NVDA",477.5037,479.6538,477.1936,479.0931,10359
2026-05-11,"NVDA",479.0931,482.0925,478.5172,481.8889,5144
2026-05-12,"NVDA",481.8889,487.1442,481.757,485.8691,24265
2026-05-13,"NVDA",485.8691,486.4251,479.5198,479.9288,14237
2026-05-14,"NVDA",479.9288,480.6654,467.4423,468.9931,4623
2026-05-15,"NVDA",468.9931,469.5737,466.0138,467.7898,42805
2026-05-16,"NVDA",467.7898,469.2063,462.0218,465.9126,8692
2026-05-17,"NVDA",465.9126,469.6107,463.3806,469.3124,12089
2026-05-18,"NVDA",469.3124,470.4224,463.7218,463.9087,4446
2026-05-19,"NVDA",463.9087,467.6291,463.2094,467.4156,4018
2026-05-20,"NVDA",467.4156,471.5622,460.1452,461.203,6692
2026-05-21,"NVDA",461.203,461.248,452.1298,454.0704,13107
2026-05-22,"NVDA",454.0704,459.5809,452.9005,459.4478,4757
2026-05-23,"NVDA",459.4478,460.6961,454.1183,454.5033,10047
2026-05-24,"NVDA",454.5033,456.5406,445.6508,445.7888,7114
2026-05-25,"NVDA",445.7888,446.1591,443.102,444.3611,11349
2026-05-26,"NVDA",444.3611,452.3869,443.3112,449.1999,4704
2026-05-27,"NVDA",449.1999,455.0063,448.9764,453.7224,4356
2026-05-28,"NVDA",453.7224,454.3573,446.6205,446.8887,3298
2026-05-29,"NVDA",446.8887,447.6062,436.6336,437.4123,6526
2026-05-30,"NVDA",437.4123,439.0603,437.2482,438.9218,16376
2026-05-31,"NVDA",438.9218,439.9891,430.8489,433.3468,3113
2026-06-01,"NVDA",433.3468,433.5547,428.8122,429.8639,4474
2026-06-02,"NVDA",429.8639,435.7661,428.4041,435.6392,1636
2026-06-03,"NVDA",435.6392,436.433,434.2636,434.8672,2920
2026-06-04,"NVDA",434.8672,440.4776,433.757,440.1885,7250
2026-06-05,"NVDA",440.1885,447.0509,438.8715,446.6971,4266
2026-06-06,"NVDA",446.6971,449.7685,446.6359,447.2911,15726
2026-06-07,"NVDA",447.2911,451.4079,445.6021,446.0071,4058
2026-06-08,"NVDA",446.0071,447.1674,446.0005,446.439,6351
2026-06-09,"NVDA",446.439,455.7081,445.6518,451.9623,9572
2026-06-10,"NVDA",451.9623,452.3497,445.0421,445.6107,7900
2026-06-11,"NVDA",445.6107,447.5475,439.3738,441.1487,21784
2026-06-12,"NVDA",441.1487,442.3745,440.4987,440.7491,25499
2026-06-13,"NVDA",440.7491,442.2173,437.5106,438.6395,4115
2026-06-14,"NVDA",438.6395,439.3975,437.2376,437.9843,1848
2026-06-15,"NVDA",437.9843,440.0324,437.0596,437.5563,5802
2026-06-16,"NVDA",437.5563,443.557,436.4534,441.3941,19097
2026-06-17,"NVDA",441.3941,445.3608,440.1795,443.9683,10243
2026-06-18,"NVDA",443.9683,445.0977,443.2755,445.0747,15776
2026-06-19,"NVDA",445.0747,447.2753,442.7021,443.2626,25450
2026-06-20,"NVDA",443.2626,443.3887,437.7833,439.0047,12803
2026-06-21,"NVDA",439.0047,440.2769,429.799,430.6294,9294
2026-06-22,"NVDA",430.6294,434.1824,427.8202,432.5016,11277
2026-06-23,"NVDA",432.5016,436.7776,430.3992,435.9559,13064
2026-06-24,"NVDA",435.9559,436.658,431.4795,431.651,22419
2026-06-25,"NVDA",431.651,432.6374,428.1781,428.4195,7241
2026-06-26,"NVDA",428.4195,429.0739,421.3033,421.7851,11176
2026-06-27,"NVDA",421.7851,424.6329,421.4839,424.0267,2028
2026-06-28,"NVDA",424.0267,424.063,420.5343,421.7349,6155
2026-06-29,"NVDA",421.7349,423.4545,416.7358,417.1365,23553
2026-06-30,"NVDA",417.1365,417.9787,412.2463,412.5954,4336
2026-01-01,"ORO",2218.5546,2230.1475,2213.7516,2227.4846,11513
2026-01-02,"ORO",2227.4846,2255.8364,2222.9198,2244.7625,6857
2026-01-03,"ORO",2244.7625,2246.9908,2222.9922,2225.8171,6360
2026-01-04,"ORO",2225.8171,2240.3561,2222.5457,2238.7214,13485
2026-01-05,"ORO",2238.7214,2289.4198,2234.2937,2273.3623,42325
2026-01-06,"ORO",2273.3623,2276.5598,2272.5924,2275.0785,4578
2026-01-07,"ORO",2275.0785,2300.3692,2274.5977,2296.9548,12570
2026-01-08,"ORO",2296.9548,2315.5112,2293.0367,2309.0642,17792
2026-01-09,"ORO",2309.0642,2317.4904,2308.0664,2309.9011,28910
2026-01-10,"ORO",2309.9011,2334.2166,2304.7622,2323.767,7942
2026-01-11,"ORO",2323.767,2334.4698,2309.3245,2328.606,11577
2026-01-12,"ORO",2328.606,2344.8412,2315.1412,2333.2952,4189
2026-01-13,"ORO",2333.2952,2335.316,2311.2239,2321.9646,12384
2026-01-14,"ORO",2321.9646,2367.0008,2313.9547,2364.754,8299
2026-01-15,"ORO",2364.754,2389.1939,2358.603,2381.8699,27435
2026-01-16,"ORO",2381.8699,2386.4931,2320.7932,2334.959,9458
2026-01-17,"ORO",2334.959,2343.5971,2330.7579,2343.103,8550
2026-01-18,"ORO",2343.103,2388.412,2336.7517,2368.4524,4667
2026-01-19,"ORO",2368.4524,2375.5509,2344.7132,2350.7577,4592
2026-01-20,"ORO",2350.7577,2357.2228,2348.3258,2354.3081,19035
2026-01-21,"ORO",2354.3081,2363.6733,2307.3841,2314.8299,10059
2026-01-22,"ORO",2314.8299,2358.2444,2308.8106,2355.2597,36749
2026-01-23,"ORO",2355.2597,2368.0661,2355.156,2363.9252,5345
2026-01-24,"ORO",2363.9252,2371.7642,2335.5184,2349.9404,1508
2026-01-25,"ORO",2349.9404,2366.6272,2339.0901,2366.0091,22998
2026-01-26,"ORO",2366.0091,2400.8379,2360.2621,2394.1793,22917
2026-01-27,"ORO",2394.1793,2397.1665,2371.5319,2373.2468,7491
2026-01-28,"ORO",2373.2468,2418.2001,2368.9462,2404.9026,2552
2026-01-29,"ORO",2404.9026,2410.2904,2386.8015,2397.9786,7070
2026-01-30,"ORO",2397.9786,2409.2871,2395.4576,2406.5056,6232
2026-01-31,"ORO",2406.5056,2411.2977,2400.1325,2400.6065,6856
2026-02-01,"ORO",2400.6065,2404.705,2357.2126,2374.8443,6198
2026-02-02,"ORO",2374.8443,2393.2702,2341.894,2342.5671,8311
2026-02-03,"ORO",2342.5671,2390.9971,2327.6038,2387.1249,13726
2026-02-04,"ORO",2387.1249,2387.849,2367.8206,2370.653,14315
2026-02-05,"ORO",2370.653,2372.3427,2357.9004,2371.6462,5144
2026-02-06,"ORO",2371.6462,2375.5441,2319.4448,2328.8304,7723
2026-02-07,"ORO",2328.8304,2330.4998,2313.9355,2325.48,8959
2026-02-08,"ORO",2325.48,2327.5884,2305.4954,2315.3176,1373
2026-02-09,"ORO",2315.3176,2317.1299,2286.5445,2296.2882,23238
2026-02-10,"ORO",2296.2882,2307.5284,2293.6657,2301.4046,3350
2026-02-11,"ORO",2301.4046,2306.1749,2289.0015,2295.4769,17592
2026-02-12,"ORO",2295.4769,2321.0596,2291.0059,2316.3575,7121
2026-02-13,"ORO",2316.3575,2334.4339,2310.1708,2333.5501,23837
2026-02-14,"ORO",2333.5501,2342.7106,2307.2425,2309.864,46174
2026-02-15,"ORO",2309.864,2309.8675,2286.036,2292.5093,8239
2026-02-16,"ORO",2292.5093,2295.8165,2252.0598,2264.5823,5527
2026-02-17,"ORO",2264.5823,2271.0427,2228.7718,2241.6703,10818
2026-02-18,"ORO",2241.6703,2282.071,2236.643,2280.6061,14908
2026-02-19,"ORO",2280.6061,2351.1973,2279.3009,2350.0582,20603
2026-02-20,"ORO",2350.0582,2412.9492,2348.4041,2409.6267,2569
2026-02-21,"ORO",2409.6267,2428.7204,2399.2705,2420.9692,7478
2026-02-22,"ORO",2420.9692,2453.4294,2413.9121,2449.6874,7621
2026-02-23,"ORO",2449.6874,2461.1506,2447.3022,2459.5732,7629
2026-02-24,"ORO",2459.5732,2484.6371,2458.2548,2471.9872,8780
2026-02-25,"ORO",2471.9872,2478.4912,2460.8565,2477.0593,3554
2026-02-26,"ORO",2477.0593,2497.5759,2465.1198,2491.7415,19887
2026-02-27,"ORO",2491.7415,2515.3118,2482.5815,2511.2856,2863
2026-02-28,"ORO",2511.2856,2513.4331,2496.8331,2499.2299,16142
2026-03-01,"ORO",2499.2299,2524.2047,2488.4968,2516.2795,22427
2026-03-02,"ORO",2516.2795,2566.1825,2515.0651,2564.1696,6110
2026-03-03,"ORO",2564.1696,2594.232,2557.0991,2591.0397,6201
2026-03-04,"ORO",2591.0397,2601.673,2578.9036,2597.5178,9035
2026-03-05,"ORO",2597.5178,2604.2779,2588.5517,2595.9649,16154
2026-03-06,"ORO",2595.9649,2607.4857,2586.8049,2603.4348,8868
2026-03-07,"ORO",2603.4348,2627.3835,2580.2648,2585.7247,15206
2026-03-08,"ORO",2585.7247,2588.7771,2544.3376,2546.0462,11978
2026-03-09,"ORO",2546.0462,2589.0183,2536.4933,2580.659,23025
2026-03-10,"ORO",2580.659,2581.3214,2557.4839,2558.586,8974
2026-03-11,"ORO",2558.586,2569.3583,2553.9587,2565.8682,8618
2026-03-12,"ORO",2565.8682,2620.8147,2546.6067,2610.8951,3935
2026-03-13,"ORO",2610.8951,2630.3231,2604.3413,2627.8583,4455
2026-03-14,"ORO",2627.8583,2680.4429,2626.4639,2678.667,3715
2026-03-15,"ORO",2678.667,2679.2352,2627.3827,2640.8533,5864
2026-03-16,"ORO",2640.8533,2652.2682,2612.3414,2621.2659,29075
2026-03-17,"ORO",2621.2659,2652.4035,2617.7854,2627.2015,8481
2026-03-18,"ORO",2627.2015,2637.2314,2611.5474,2625.7148,8619
2026-03-19,"ORO",2625.7148,2646.7812,2622.4703,2644.5424,6469
2026-03-20,"ORO",2644.5424,2680.8034,2636.3514,2678.354,9192
2026-03-21,"ORO",2678.354,2723.9703,2669.6835,2722.577,9543
2026-03-22,"ORO",2722.577,2766.6921,2722.041,2758.5655,7394
2026-03-23,"ORO",2758.5655,2760.0772,2735.3317,2737.1805,6927
2026-03-24,"ORO",2737.1805,2740.6502,2730.4196,2736.8755,3240
2026-03-25,"ORO",2736.8755,2752.5493,2724.3118,2749.4789,8481
2026-03-26,"ORO",2749.4789,2759.0819,2738.35,2740.808,12604
2026-03-27,"ORO",2740.808,2754.673,2731.4666,2740.0394,2654
2026-03-28,"ORO",2740.0394,2745.0701,2718.6837,2730.0023,6838
2026-03-29,"ORO",2730.0023,2764.0247,2726.4625,2746.2294,18734
2026-03-30,"ORO",2746.2294,2788.6858,2735.6054,2787.1312,16236
2026-03-31,"ORO",2787.1312,2787.1938,2753.3247,2756.0387,3980
2026-04-01,"ORO",2756.0387,2786.7586,2755.6963,2768.5169,6894
2026-04-02,"ORO",2768.5169,2770.9818,2734.9079,2738.5594,13721
2026-04-03,"ORO",2738.5594,2740.8154,2735.4826,2738.9932,6441
2026-04-04,"ORO",2738.9932,2765.0775,2725.2142,2731.4734,4963
2026-04-05,"ORO",2731.4734,2733.3512,2718.0086,2718.1684,10968
2026-04-06,"ORO",2718.1684,2721.0444,2711.1484,2715.1146,4278
2026-04-07,"ORO",2715.1146,2767.6936,2698.7139,2762.096,10313
2026-04-08,"ORO",2762.096,2799.2069,2751.553,2788.241,8915
2026-04-09,"ORO",2788.241,2808.332,2777.2964,2798.6846,12689
2026-04-10,"ORO",2798.6846,2814.2398,2779.6187,2784.3672,7227
2026-04-11,"ORO",2784.3672,2786.1549,2783.9241,2785.1513,19881
2026-04-12,"ORO",2785.1513,2797.3166,2761.0573,2788.5753,6237
2026-04-13,"ORO",2788.5753,2831.085,2779.9425,2827.6884,8550
2026-04-14,"ORO",2827.6884,2846.7385,2826.1087,2843.1804,10847
2026-04-15,"ORO",2843.1804,2847.8928,2840.8944,2845.1317,12750
2026-04-16,"ORO",2845.1317,2846.7667,2831.6907,2841.0914,2977
2026-04-17,"ORO",2841.0914,2851.159,2792.0603,2793.1658,4569
2026-04-18,"ORO",2793.1658,2797.5696,2771.387,2777.9519,26277
2026-04-19,"ORO",2777.9519,2781.937,2765.9648,2767.6957,6601
2026-04-20,"ORO",2767.6957,2769.777,2737.928,2744.0128,6512
2026-04-21,"ORO",2744.0128,2787.9762,2728.0331,2784.7301,5542
2026-04-22,"ORO",2784.7301,2828.8092,2769.8165,2824.6583,3894
2026-04-23,"ORO",2824.6583,2825.7407,2805.8036,2808.6883,9272
2026-04-24,"ORO",2808.6883,2835.596,2805.8341,2831.013,4680
2026-04-25,"ORO",2831.013,2859.1748,2822.9167,2851.9734,10261
2026-04-26,"ORO",2851.9734,2874.7453,2847.9837,2864.0601,7905
2026-04-27,"ORO",2864.0601,2929.3932,2862.0294,2917.8142,3690
2026-04-28,"ORO",2917.8142,2920.3165,2857.0989,2878.9542,5038
2026-04-29,"ORO",2878.9542,2889.3084,2876.8184,2880.1467,27677
2026-04-30,"ORO",2880.1467,2937.4972,2874.1998,2918.3532,9152
2026-05-01,"ORO",2918.3532,2929.03,2904.2483,2904.283,6735
2026-05-02,"ORO",2904.283,2910.6145,2875.2941,2876.1631,14964
2026-05-03,"ORO",2876.1631,2890.0957,2864.087,2868.5936,11592
2026-05-04,"ORO",2868.5936,2906.5323,2867.1626,2893.8685,16033
2026-05-05,"ORO",2893.8685,2894.969,2892.4438,2893.9465,2436
2026-05-06,"ORO",2893.9465,2900.1138,2850.5136,2860.847,12229
2026-05-07,"ORO",2860.847,2890.6274,2846.9215,2889.5888,8891
2026-05-08,"ORO",2889.5888,2904.6856,2863.4302,2895.4753,13158
2026-05-09,"ORO",2895.4753,2940.2586,2891.0862,2921.9984,43464
2026-05-10,"ORO",2921.9984,2936.9085,2891.0883,2899.5425,7587
2026-05-11,"ORO",2899.5425,2926.6153,2887.6926,2921.8661,780
2026-05-12,"ORO",2921.8661,2923.1603,2886.0007,2891.6174,2993
2026-05-13,"ORO",2891.6174,2908.9969,2888.9763,2904.4814,9384
2026-05-14,"ORO",2904.4814,2924.6388,2898.9107,2918.8612,33782
2026-05-15,"ORO",2918.8612,2931.2319,2859.0273,2872.4436,9557
2026-05-16,"ORO",2872.4436,2901.4217,2868.2022,2897.8504,6591
2026-05-17,"ORO",2897.8504,2898.4872,2834.6287,2853.8174,16469
2026-05-18,"ORO",2853.8174,2857.1879,2820.6257,2824.3623,1498
2026-05-19,"ORO",2824.3623,2866.8824,2816.1881,2860.3548,6659
2026-05-20,"ORO",2860.3548,2866.2304,2857.3443,2859.1692,46141
2026-05-21,"ORO",2859.1692,2881.2884,2854.1646,2880.7321,5243
2026-05-22,"ORO",2880.7321,2888.2065,2880.293,2885.3335,12876
2026-05-23,"ORO",2885.3335,2890.9438,2813.5115,2824.7895,2670
2026-05-24,"ORO",2824.7895,2827.1687,2778.2228,2782.215,4022
2026-05-25,"ORO",2782.215,2794.6761,2749.202,2752.5035,2783
2026-05-26,"ORO",2752.5035,2758.4136,2730.9271,2739.0444,9571
2026-05-27,"ORO",2739.0444,2758.8413,2735.1355,2757.4005,9134
2026-05-28,"ORO",2757.4005,2763.7944,2728.8457,2731.7974,14238
2026-05-29,"ORO",2731.7974,2740.2066,2721.8235,2726.0641,11572
2026-05-30,"ORO",2726.0641,2747.8721,2710.7884,2742.2702,11808
2026-05-31,"ORO",2742.2702,2748.2691,2719.419,2722.2266,5599
2026-06-01,"ORO",2722.2266,2780.6063,2717.4611,2774.0802,4585
2026-06-02,"ORO",2774.0802,2789.1918,2770.3003,2772.9412,13995
2026-06-03,"ORO",2772.9412,2825.6324,2766.5963,2825.2389,4675
2026-06-04,"ORO",2825.2389,2831.3749,2810.6948,2817.1941,34167
2026-06-05,"ORO",2817.1941,2822.0073,2767.3392,2785.5206,7560
2026-06-06,"ORO",2785.5206,2853.4343,2784.1267,2842.4124,5329
2026-06-07,"ORO",2842.4124,2889.7787,2841.0324,2883.4272,3594
2026-06-08,"ORO",2883.4272,2927.0683,2864.0377,2918.7476,14802
2026-06-09,"ORO",2918.7476,2994.4887,2918.4144,2992.4546,10114
2026-06-10,"ORO",2992.4546,3026.4693,2984.7697,3016.1889,5335
2026-06-11,"ORO",3016.1889,3023.239,2998.9101,3019.6959,11955
2026-06-12,"ORO",3019.6959,3048.9112,3015.4472,3032.4056,5925
2026-06-13,"ORO",3032.4056,3050.6126,2971.7889,2980.0737,5266
2026-06-14,"ORO",2980.0737,2989.0751,2918.4555,2922.1941,3257
2026-06-15,"ORO",2922.1941,2944.3795,2918.1425,2934.8584,4668
2026-06-16,"ORO",2934.8584,2941.9841,2910.7257,2920.1501,2111
2026-06-17,"ORO",2920.1501,2957.7921,2910.9116,2943.5903,8388
2026-06-18,"ORO",2943.5903,2945.1629,2909.8289,2924.3518,3494
2026-06-19,"ORO",2924.3518,2989.7983,2922.8347,2986.4852,7071
2026-06-20,"ORO",2986.4852,2991.9352,2978.2508,2982.4101,8494
2026-06-21,"ORO",2982.4101,2982.4602,2894.3641,2898.7339,7334
2026-06-22,"ORO",2898.7339,2975.8791,2880.3327,2959.3644,23338
2026-06-23,"ORO",2959.3644,2981.2972,2953.203,2975.0023,1886
2026-06-24,"ORO",2975.0023,2990.2282,2965.663,2982.3655,8792
2026-06-25,"ORO",2982.3655,2984.6635,2954.483,2965.6528,7779
2026-06-26,"ORO",2965.6528,2995.9536,2961.8711,2989.9094,2966
2026-06-27,"ORO",2989.9094,3024.1326,2987.6576,3009.8207,14377
2026-06-28,"ORO",3009.8207,3051.319,2994.7382,3046.4182,10698
2026-06-29,"ORO",3046.4182,3074.7272,3037.1433,3054.7707,16230
2026-06-30,"ORO",3054.7707,3071.7463,3049.2232,3052.3091,7706
2026-01-01,"SP500",300.3691,301.5966,298.4964,298.515,16917
2026-01-02,"SP500",298.515,300.2465,297.2414,299.2982,8001
2026-01-03,"SP500",299.2982,301.7891,297.8348,301.3234,4597
2026-01-04,"SP500",301.3234,302.2056,299.6717,300.657,1919
2026-01-05,"SP500",300.657,301.3296,299.2633,299.6766,2926
2026-01-06,"SP500",299.6766,305.4483,298.9412,304.0656,3784
2026-01-07,"SP500",304.0656,304.73,300.3734,300.4906,7279
2026-01-08,"SP500",300.4906,302.4879,299.5436,300.6321,17937
2026-01-09,"SP500",300.6321,307.2147,299.9662,306.8126,10403
2026-01-10,"SP500",306.8126,307.6785,305.7513,306.7234,11738
2026-01-11,"SP500",306.7234,308.3551,306.501,308.1899,20907
2026-01-12,"SP500",308.1899,310.0288,307.1919,309.1952,8750
2026-01-13,"SP500",309.1952,309.5307,304.0076,304.401,11268
2026-01-14,"SP500",304.401,306.2192,301.7416,302.1933,7419
2026-01-15,"SP500",302.1933,302.5438,296.5505,296.6351,7676
2026-01-16,"SP500",296.6351,296.912,293.2488,294.9151,40526
2026-01-17,"SP500",294.9151,295.0567,291.7498,292.1224,11006
2026-01-18,"SP500",292.1224,293.133,287.0746,288.7688,6009
2026-01-19,"SP500",288.7688,290.2571,285.9617,286.0462,8317
2026-01-20,"SP500",286.0462,290.5289,284.6924,289.6095,6053
2026-01-21,"SP500",289.6095,291.8165,289.5305,290.6538,4831
2026-01-22,"SP500",290.6538,291.3332,289.9941,290.1806,7411
2026-01-23,"SP500",290.1806,290.5697,286.5909,287.8528,9445
2026-01-24,"SP500",287.8528,288.3691,286.4402,287.3548,5049
2026-01-25,"SP500",287.3548,288.7301,284.5606,284.8615,4013
2026-01-26,"SP500",284.8615,286.1109,283.2309,283.5352,1504
2026-01-27,"SP500",283.5352,285.9283,283.3534,285.6831,7681
2026-01-28,"SP500",285.6831,288.9216,284.7623,287.5252,15967
2026-01-29,"SP500",287.5252,287.9109,282.4305,282.7591,4716
2026-01-30,"SP500",282.7591,282.7953,280.5598,280.6806,5462
2026-01-31,"SP500",280.6806,283.3746,280.3075,282.2163,16650
2026-02-01,"SP500",282.2163,283.0227,280.2278,280.9875,8634
2026-02-02,"SP500",280.9875,283.3151,280.0406,282.8342,15057
2026-02-03,"SP500",282.8342,284.7942,282.7485,283.9503,7398
2026-02-04,"SP500",283.9503,289.9609,283.282,287.8705,20245
2026-02-05,"SP500",287.8705,290.5742,287.4692,289.7332,16134
2026-02-06,"SP500",289.7332,293.1092,288.6413,292.7322,6203
2026-02-07,"SP500",292.7322,297.5425,292.7149,297.2283,4394
2026-02-08,"SP500",297.2283,297.9538,295.6123,296.1586,6577
2026-02-09,"SP500",296.1586,296.8426,293.3476,293.7141,10420
2026-02-10,"SP500",293.7141,293.9351,286.0759,288.0208,48058
2026-02-11,"SP500",288.0208,292.1488,285.992,291.2678,826
2026-02-12,"SP500",291.2678,291.3412,288.9169,289.672,5675
2026-02-13,"SP500",289.672,290.2881,287.9695,288.3035,8890
2026-02-14,"SP500",288.3035,288.3704,286.7054,286.9102,6485
2026-02-15,"SP500",286.9102,288.6929,286.84,288.5424,9321
2026-02-16,"SP500",288.5424,291.4054,288.302,290.6392,5023
2026-02-17,"SP500",290.6392,295.9723,290.5204,294.7138,13617
2026-02-18,"SP500",294.7138,294.858,294.5444,294.8357,6133
2026-02-19,"SP500",294.8357,296.0026,292.8032,293.8224,15113
2026-02-20,"SP500",293.8224,298.0891,293.735,297.2769,12943
2026-02-21,"SP500",297.2769,300.2548,296.2913,299.9355,7818
2026-02-22,"SP500",299.9355,300.4534,295.8778,295.939,10206
2026-02-23,"SP500",295.939,296.0707,288.715,290.1691,4585
2026-02-24,"SP500",290.1691,291.1074,288.7481,288.8531,6365
2026-02-25,"SP500",288.8531,294.3733,288.8372,292.2655,11403
2026-02-26,"SP500",292.2655,295.7196,291.3221,295.5241,12946
2026-02-27,"SP500",295.5241,296.988,289.8258,290.0818,10615
2026-02-28,"SP500",290.0818,290.7685,285.8435,286.7259,2483
2026-03-01,"SP500",286.7259,287.0704,285.2528,287.0608,3072
2026-03-02,"SP500",287.0608,288.5815,285.758,285.7697,4733
2026-03-03,"SP500",285.7697,289.4065,283.6116,289.0443,3312
2026-03-04,"SP500",289.0443,290.6046,287.7325,290.1405,10274
2026-03-05,"SP500",290.1405,290.222,287.8452,288.2409,4465
2026-03-06,"SP500",288.2409,289.1503,287.2342,287.2968,4867
2026-03-07,"SP500",287.2968,289.7207,286.2648,288.8944,8861
2026-03-08,"SP500",288.8944,290.0707,288.8543,289.9035,5450
2026-03-09,"SP500",289.9035,292.4462,289.3839,291.9359,13316
2026-03-10,"SP500",291.9359,293.02,287.4184,287.6793,4601
2026-03-11,"SP500",287.6793,292.0162,286.807,291.1696,15005
2026-03-12,"SP500",291.1696,291.7372,288.7363,288.9971,17351
2026-03-13,"SP500",288.9971,289.5371,287.4185,287.6956,4861
2026-03-14,"SP500",287.6956,291.105,286.5488,290.9974,16389
2026-03-15,"SP500",290.9974,291.3755,287.1592,287.2678,6696
2026-03-16,"SP500",287.2678,295.4669,287.2089,294.4917,18720
2026-03-17,"SP500",294.4917,295.491,292.3838,293.675,6755
2026-03-18,"SP500",293.675,298.8806,292.0022,297.7245,12918
2026-03-19,"SP500",297.7245,299.4306,297.5866,298.9481,10246
2026-03-20,"SP500",298.9481,302.5836,298.6406,302.4056,21135
2026-03-21,"SP500",302.4056,305.2419,302.029,302.0401,6500
2026-03-22,"SP500",302.0401,302.0646,300.5411,301.1482,28931
2026-03-23,"SP500",301.1482,302.7939,299.2453,302.1781,5916
2026-03-24,"SP500",302.1781,304.227,301.5336,303.675,3713
2026-03-25,"SP500",303.675,308.0413,303.1593,307.3109,15487
2026-03-26,"SP500",307.3109,309.9381,306.8054,307.9805,1351
2026-03-27,"SP500",307.9805,309.6295,307.5115,308.986,15098
2026-03-28,"SP500",308.986,312.4754,307.7156,311.5455,31316
2026-03-29,"SP500",311.5455,313.8712,311.4415,313.325,7948
2026-03-30,"SP500",313.325,314.4674,308.0907,309.6991,10218
2026-03-31,"SP500",309.6991,309.9953,307.233,307.8762,14437
2026-04-01,"SP500",307.8762,309.0084,307.222,308.48,4983
2026-04-02,"SP500",308.48,313.185,306.8889,312.6465,12183
2026-04-03,"SP500",312.6465,316.3453,312.4026,315.849,18091
2026-04-04,"SP500",315.849,316.3578,313.7838,313.9154,11804
2026-04-05,"SP500",313.9154,316.0915,312.5711,316.0535,6586
2026-04-06,"SP500",316.0535,317.0654,311.8419,313.6665,11562
2026-04-07,"SP500",313.6665,314.2748,310.0951,310.3565,10973
2026-04-08,"SP500",310.3565,315.4683,309.7105,314.5034,6045
2026-04-09,"SP500",314.5034,317.0042,314.4137,316.9306,3352
2026-04-10,"SP500",316.9306,317.3404,315.7858,316.679,5554
2026-04-11,"SP500",316.679,317.5656,315.8652,317.0426,10595
2026-04-12,"SP500",317.0426,318.847,311.4021,311.9729,32397
2026-04-13,"SP500",311.9729,313.4773,309.2361,309.5125,8274
2026-04-14,"SP500",309.5125,310.3026,307.9469,309.4094,10595
2026-04-15,"SP500",309.4094,313.0227,308.586,312.9762,18583
2026-04-16,"SP500",312.9762,313.9878,312.6626,312.8609,1238
2026-04-17,"SP500",312.8609,314.7118,311.4504,314.09,7508
2026-04-18,"SP500",314.09,314.1613,311.5537,313.2596,6772
2026-04-19,"SP500",313.2596,314.2601,309.9157,310.1051,5289
2026-04-20,"SP500",310.1051,315.2182,308.3766,314.0987,13962
2026-04-21,"SP500",314.0987,314.299,312.8692,313.3303,17424
2026-04-22,"SP500",313.3303,314.1317,312.9879,313.9448,7064
2026-04-23,"SP500",313.9448,314.2789,308.6936,309.8775,24636
2026-04-24,"SP500",309.8775,312.1742,309.3786,311.8212,8434
2026-04-25,"SP500",311.8212,312.8025,307.7756,308.3701,41378
2026-04-26,"SP500",308.3701,308.8694,305.4401,306.3351,2549
2026-04-27,"SP500",306.3351,312.8458,305.8481,311.4872,19666
2026-04-28,"SP500",311.4872,313.0141,310.3275,311.8913,3719
2026-04-29,"SP500",311.8913,313.8644,311.676,313.679,13966
2026-04-30,"SP500",313.679,316.8841,313.228,316.6871,31164
2026-05-01,"SP500",316.6871,316.8911,315.2503,315.7172,11619
2026-05-02,"SP500",315.7172,315.8958,313.4424,314.306,6927
2026-05-03,"SP500",314.306,315.4556,313.5085,314.1921,6017
2026-05-04,"SP500",314.1921,314.6686,307.2398,309.7913,16498
2026-05-05,"SP500",309.7913,310.0396,309.2234,309.7683,1687
2026-05-06,"SP500",309.7683,311.1056,308.1862,308.6123,9382
2026-05-07,"SP500",308.6123,312.5415,308.2628,312.1464,16576
2026-05-08,"SP500",312.1464,313.3051,311.1785,312.6706,11654
2026-05-09,"SP500",312.6706,313.3635,310.8539,311.9157,2623
2026-05-10,"SP500",311.9157,314.6493,310.7589,313.6728,16108
2026-05-11,"SP500",313.6728,315.7562,313.2308,315.4728,10914
2026-05-12,"SP500",315.4728,316.795,311.5339,311.9271,16058
2026-05-13,"SP500",311.9271,312.6115,309.4586,310.3064,6651
2026-05-14,"SP500",310.3064,310.6979,303.165,303.5484,29983
2026-05-15,"SP500",303.5484,303.8013,300.7815,300.8321,8900
2026-05-16,"SP500",300.8321,304.0198,298.8737,303.6018,6327
2026-05-17,"SP500",303.6018,303.8105,302.4262,302.9572,4783
2026-05-18,"SP500",302.9572,314.0107,301.1133,313.7036,7089
2026-05-19,"SP500",313.7036,314.9368,309.4287,310.5793,1406
2026-05-20,"SP500",310.5793,312.0475,309.9186,309.928,30535
2026-05-21,"SP500",309.928,311.8387,307.5665,309.158,27166
2026-05-22,"SP500",309.158,313.7693,307.4144,312.2895,7995
2026-05-23,"SP500",312.2895,313.9878,306.7756,308.466,16594
2026-05-24,"SP500",308.466,309.2812,302.6786,304.4051,17286
2026-05-25,"SP500",304.4051,305.8041,302.7544,305.7058,7265
2026-05-26,"SP500",305.7058,306.2968,300.6695,301.2342,11361
2026-05-27,"SP500",301.2342,301.4269,297.6363,299.0423,2166
2026-05-28,"SP500",299.0423,300.259,294.2091,296.0902,11836
2026-05-29,"SP500",296.0902,298.3296,295.5729,298.0474,12211
2026-05-30,"SP500",298.0474,299.0105,295.949,297.2192,5699
2026-05-31,"SP500",297.2192,300.8188,297.0079,300.2828,7127
2026-06-01,"SP500",300.2828,301.4873,299.0573,300.4738,8365
2026-06-02,"SP500",300.4738,300.7603,296.2774,297.1413,5583
2026-06-03,"SP500",297.1413,299.0766,295.5934,298.7448,7785
2026-06-04,"SP500",298.7448,299.3749,295.5086,296.1786,4100
2026-06-05,"SP500",296.1786,298.6731,295.8731,298.1631,14766
2026-06-06,"SP500",298.1631,302.0832,297.6611,301.2136,26729
2026-06-07,"SP500",301.2136,302.3839,298.2913,298.358,15349
2026-06-08,"SP500",298.358,301.107,296.9864,300.9011,2530
2026-06-09,"SP500",300.9011,301.447,298.3435,299.0005,18756
2026-06-10,"SP500",299.0005,301.9202,298.5629,301.3168,2992
2026-06-11,"SP500",301.3168,301.5856,301.2241,301.3135,11234
2026-06-12,"SP500",301.3135,304.5801,300.989,304.4599,13075
2026-06-13,"SP500",304.4599,304.9291,300.4568,300.7103,18914
2026-06-14,"SP500",300.7103,302.775,299.0148,301.8976,30415
2026-06-15,"SP500",301.8976,304.6413,301.5371,302.8173,8573
2026-06-16,"SP500",302.8173,304.4149,301.9997,303.6659,5682
2026-06-17,"SP500",303.6659,304.3062,300.9735,302.2631,5257
2026-06-18,"SP500",302.2631,305.2902,300.4353,304.9539,17138
2026-06-19,"SP500",304.9539,305.5993,303.0554,304.2168,15216
2026-06-20,"SP500",304.2168,304.4231,300.299,300.3659,14135
2026-06-21,"SP500",300.3659,301.5859,299.5943,301.4813,6377
2026-06-22,"SP500",301.4813,301.9928,300.1937,300.6106,6070
2026-06-23,"SP500",300.6106,305.9949,299.2883,305.376,14303
2026-06-24,"SP500",305.376,314.3166,304.2035,313.2747,2509
2026-06-25,"SP500",313.2747,314.3656,312.2443,313.562,33941
2026-06-26,"SP500",313.562,314.8519,313.2967,314.656,6209
2026-06-27,"SP500",314.656,315.9274,314.4577,315.8513,15534
2026-06-28,"SP500",315.8513,317.8262,314.2143,316.0742,2166
2026-06-29,"SP500",316.0742,317.0166,312.9762,315.7075,12001
2026-06-30,"SP500",315.7075,316.4536,311.107,312.1051,8070
2026-01-01,"TSLA",403.0823,409.6432,402.6056,409.1767,6162
2026-01-02,"TSLA",409.1767,412.0405,408.4188,411.6828,6855
2026-01-03,"TSLA",411.6828,412.1558,406.6736,407.7696,8059
2026-01-04,"TSLA",407.7696,408.3669,406.4871,407.7524,3061
2026-01-05,"TSLA",407.7524,409.7583,403.767,406.0428,8266
2026-01-06,"TSLA",406.0428,407.9963,403.4353,404.9181,17754
2026-01-07,"TSLA",404.9181,405.1257,399.5821,401.0373,24164
2026-01-08,"TSLA",401.0373,401.3724,397.679,397.714,4873
2026-01-09,"TSLA",397.714,400.0349,397.0111,399.6529,8775
2026-01-10,"TSLA",399.6529,399.6805,393.0128,393.0552,5587
2026-01-11,"TSLA",393.0552,397.3288,391.3962,396.2058,5550
2026-01-12,"TSLA",396.2058,399.3132,395.0043,399.1864,17223
2026-01-13,"TSLA",399.1864,400.9063,396.6485,398.2938,13648
2026-01-14,"TSLA",398.2938,399.3042,395.4148,396.4089,2323
2026-01-15,"TSLA",396.4089,397.0258,396.2687,396.7227,4820
2026-01-16,"TSLA",396.7227,397.0284,395.4393,396.4373,7622
2026-01-17,"TSLA",396.4373,396.7615,392.1544,393.2031,3294
2026-01-18,"TSLA",393.2031,394.0727,385.1127,387.2733,26305
2026-01-19,"TSLA",387.2733,387.8266,385.5904,386.5593,1481
2026-01-20,"TSLA",386.5593,388.3387,380.8634,382.2865,6850
2026-01-21,"TSLA",382.2865,391.5761,381.7715,391.3914,9895
2026-01-22,"TSLA",391.3914,391.9041,390.2098,390.7753,9670
2026-01-23,"TSLA",390.7753,391.4095,384.8299,386.3024,19357
2026-01-24,"TSLA",386.3024,386.4254,384.3066,385.591,8112
2026-01-25,"TSLA",385.591,388.4658,385.5381,387.0733,4303
2026-01-26,"TSLA",387.0733,388.7833,385.3358,385.6874,4453
2026-01-27,"TSLA",385.6874,385.7868,384.8294,384.8316,5004
2026-01-28,"TSLA",384.8316,384.9087,380.6045,380.8542,13556
2026-01-29,"TSLA",380.8542,381.2365,377.9958,380.6704,8704
2026-01-30,"TSLA",380.6704,383.7224,379.9635,383.308,37354
2026-01-31,"TSLA",383.308,387.6798,382.5148,387.3465,9652
2026-02-01,"TSLA",387.3465,387.5178,384.9219,386.2104,8218
2026-02-02,"TSLA",386.2104,386.9276,384.0771,385.5488,8455
2026-02-03,"TSLA",385.5488,387.5698,385.0389,387.2019,15423
2026-02-04,"TSLA",387.2019,388.5081,382.898,383.103,9530
2026-02-05,"TSLA",383.103,390.0723,382.5472,389.382,3148
2026-02-06,"TSLA",389.382,391.3206,384.0251,386.0414,9116
2026-02-07,"TSLA",386.0414,387.1397,385.6722,386.2275,4058
2026-02-08,"TSLA",386.2275,392.3136,386.1899,391.8161,3091
2026-02-09,"TSLA",391.8161,392.6241,389.4141,390.041,2632
2026-02-10,"TSLA",390.041,391.2893,381.5122,383.032,3740
2026-02-11,"TSLA",383.032,385.0178,379.7045,380.7259,10137
2026-02-12,"TSLA",380.7259,385.7229,379.7591,384.0287,10933
2026-02-13,"TSLA",384.0287,385.3856,382.0053,383.2426,5823
2026-02-14,"TSLA",383.2426,388.9563,382.6174,386.3248,9691
2026-02-15,"TSLA",386.3248,386.7214,384.578,386.4681,10577
2026-02-16,"TSLA",386.4681,392.5344,384.9836,391.5974,7465
2026-02-17,"TSLA",391.5974,392.8607,390.526,392.6478,15403
2026-02-18,"TSLA",392.6478,394.5706,392.0138,393.7842,15403
2026-02-19,"TSLA",393.7842,394.4981,385.5817,387.7266,4695
2026-02-20,"TSLA",387.7266,388.8033,385.1314,387.7499,14047
2026-02-21,"TSLA",387.7499,389.4443,387.1424,388.3133,11092
2026-02-22,"TSLA",388.3133,389.7493,387.3507,388.3893,3019
2026-02-23,"TSLA",388.3893,391.1635,383.0452,384.4477,4292
2026-02-24,"TSLA",384.4477,389.8104,384.1233,388.4413,4809
2026-02-25,"TSLA",388.4413,394.1561,386.9738,390.6982,4286
2026-02-26,"TSLA",390.6982,393.0039,389.9,390.0501,4270
2026-02-27,"TSLA",390.0501,395.7852,388.0958,394.5183,8943
2026-02-28,"TSLA",394.5183,402.4523,393.6869,400.5538,8877
2026-03-01,"TSLA",400.5538,404.5782,399.0347,402.8235,14691
2026-03-02,"TSLA",402.8235,403.0017,400.8386,401.5776,10697
2026-03-03,"TSLA",401.5776,404.3068,400.187,403.7615,1669
2026-03-04,"TSLA",403.7615,406.2439,402.5369,403.1574,4150
2026-03-05,"TSLA",403.1574,403.4287,397.6138,398.0199,12150
2026-03-06,"TSLA",398.0199,398.1011,394.3914,395.6078,3557
2026-03-07,"TSLA",395.6078,397.2163,393.4217,395.2399,52293
2026-03-08,"TSLA",395.2399,397.4516,395.0118,396.4385,11080
2026-03-09,"TSLA",396.4385,401.4677,395.5761,400.0833,8974
2026-03-10,"TSLA",400.0833,401.2609,396.9614,399.3813,19592
2026-03-11,"TSLA",399.3813,399.6376,398.4184,398.7803,5112
2026-03-12,"TSLA",398.7803,401.3725,397.9951,399.7627,10595
2026-03-13,"TSLA",399.7627,399.8545,393.7547,396.1777,11973
2026-03-14,"TSLA",396.1777,399.6163,395.8529,399.1681,8240
2026-03-15,"TSLA",399.1681,401.2785,398.1494,400.9966,3223
2026-03-16,"TSLA",400.9966,402.3406,398.3559,400.6055,3094
2026-03-17,"TSLA",400.6055,401.1339,396.9125,398.712,5085
2026-03-18,"TSLA",398.712,402.7801,398.4282,402.0183,3412
2026-03-19,"TSLA",402.0183,403.7874,401.8565,403.1549,5897
2026-03-20,"TSLA",403.1549,409.9298,401.4805,408.3686,21219
2026-03-21,"TSLA",408.3686,408.6366,403.9801,404.8308,9275
2026-03-22,"TSLA",404.8308,406.8342,396.6968,399.5935,6745
2026-03-23,"TSLA",399.5935,403.1509,399.1514,402.1338,10768
2026-03-24,"TSLA",402.1338,402.4386,399.7294,400.7311,11596
2026-03-25,"TSLA",400.7311,407.4564,399.2091,406.4486,5189
2026-03-26,"TSLA",406.4486,408.8453,406.2467,407.2021,3962
2026-03-27,"TSLA",407.2021,408.4734,403.6512,403.6884,20536
2026-03-28,"TSLA",403.6884,405.1554,399.522,400.1563,26181
2026-03-29,"TSLA",400.1563,403.9472,398.6376,403.0436,5819
2026-03-30,"TSLA",403.0436,403.1721,399.2041,400.6554,2815
2026-03-31,"TSLA",400.6554,401.1708,398.6562,400.4955,2951
2026-04-01,"TSLA",400.4955,401.659,394.215,394.9549,11681
2026-04-02,"TSLA",394.9549,397.8183,388.4293,389.4942,6398
2026-04-03,"TSLA",389.4942,394.3345,388.4899,393.3225,10193
2026-04-04,"TSLA",393.3225,393.8775,389.5753,390.2998,4064
2026-04-05,"TSLA",390.2998,395.0892,387.9262,393.297,41383
2026-04-06,"TSLA",393.297,393.345,383.5523,383.6191,6808
2026-04-07,"TSLA",383.6191,391.622,382.8426,389.7449,5149
2026-04-08,"TSLA",389.7449,391.1219,388.6292,388.6909,8266
2026-04-09,"TSLA",388.6909,391.3475,387.1687,389.897,1536
2026-04-10,"TSLA",389.897,391.6928,388.7201,389.5585,4214
2026-04-11,"TSLA",389.5585,400.1838,387.7522,397.8727,4254
2026-04-12,"TSLA",397.8727,400.8918,392.6007,393.0715,3212
2026-04-13,"TSLA",393.0715,393.9081,388.9958,389.5739,8726
2026-04-14,"TSLA",389.5739,390.9322,387.285,387.6302,6829
2026-04-15,"TSLA",387.6302,387.7008,383.7884,384.7002,9722
2026-04-16,"TSLA",384.7002,386.6515,382.586,383.2047,3786
2026-04-17,"TSLA",383.2047,383.7827,382.9457,383.1976,30543
2026-04-18,"TSLA",383.1976,383.2001,381.1113,382.6511,6366
2026-04-19,"TSLA",382.6511,383.5213,381.9512,382.304,3229
2026-04-20,"TSLA",382.304,382.8234,381.6754,382.3483,3770
2026-04-21,"TSLA",382.3483,382.4781,377.5428,378.6902,11100
2026-04-22,"TSLA",378.6902,383.4963,378.4461,382.7878,5287
2026-04-23,"TSLA",382.7878,388.2636,381.688,387.6406,4698
2026-04-24,"TSLA",387.6406,387.9765,380.7606,381.1584,35253
2026-04-25,"TSLA",381.1584,383.4212,380.8422,383.2324,7452
2026-04-26,"TSLA",383.2324,392.8833,381.6024,391.2923,7292
2026-04-27,"TSLA",391.2923,392.1017,389.092,390.8545,4900
2026-04-28,"TSLA",390.8545,397.2492,390.0331,396.9392,5979
2026-04-29,"TSLA",396.9392,398.9819,396.3131,396.3825,6832
2026-04-30,"TSLA",396.3825,397.8265,391.2509,392.9661,14297
2026-05-01,"TSLA",392.9661,393.1676,392.3836,392.5471,3915
2026-05-02,"TSLA",392.5471,395.3577,392.1752,395.2989,11079
2026-05-03,"TSLA",395.2989,398.2969,391.7994,398.0786,26744
2026-05-04,"TSLA",398.0786,404.2781,394.7843,404.2667,2269
2026-05-05,"TSLA",404.2667,407.8242,402.6863,407.4622,9992
2026-05-06,"TSLA",407.4622,407.7091,404.9365,404.9887,12599
2026-05-07,"TSLA",404.9887,407.827,403.5184,405.7053,10216
2026-05-08,"TSLA",405.7053,408.845,405.0804,407.3705,36993
2026-05-09,"TSLA",407.3705,409.2848,406.0019,409.1357,9034
2026-05-10,"TSLA",409.1357,417.3438,409.0846,416.9733,20736
2026-05-11,"TSLA",416.9733,417.104,415.1672,416.4521,40207
2026-05-12,"TSLA",416.4521,419.2578,416.0517,417.3635,3348
2026-05-13,"TSLA",417.3635,425.5305,417.2071,423.994,11833
2026-05-14,"TSLA",423.994,424.2414,419.6045,419.7196,7995
2026-05-15,"TSLA",419.7196,420.528,410.971,416.3524,22661
2026-05-16,"TSLA",416.3524,420.4619,415.6983,419.995,6600
2026-05-17,"TSLA",419.995,420.5788,416.1532,416.9089,4277
2026-05-18,"TSLA",416.9089,420.9989,415.1087,420.9576,9149
2026-05-19,"TSLA",420.9576,421.5223,413.7393,415.5421,6586
2026-05-20,"TSLA",415.5421,417.3568,409.362,411.9948,15394
2026-05-21,"TSLA",411.9948,417.0274,411.5487,416.6825,6018
2026-05-22,"TSLA",416.6825,418.84,414.8801,415.3996,13469
2026-05-23,"TSLA",415.3996,415.7312,411.8291,413.1004,18785
2026-05-24,"TSLA",413.1004,413.1717,406.1056,407.5329,25202
2026-05-25,"TSLA",407.5329,410.0168,402.8823,403.6818,5847
2026-05-26,"TSLA",403.6818,405.7314,403.3995,404.3152,6109
2026-05-27,"TSLA",404.3152,404.703,400.5202,400.6369,10265
2026-05-28,"TSLA",400.6369,401.6851,399.1303,401.524,14655
2026-05-29,"TSLA",401.524,401.6034,398.0488,398.9267,8255
2026-05-30,"TSLA",398.9267,400.4645,396.6769,397.9642,5333
2026-05-31,"TSLA",397.9642,406.7866,396.6883,406.7156,11934
2026-06-01,"TSLA",406.7156,406.7164,401.0191,401.1371,11046
2026-06-02,"TSLA",401.1371,403.1574,399.5674,403.1067,8075
2026-06-03,"TSLA",403.1067,403.7997,397.4886,399.322,7974
2026-06-04,"TSLA",399.322,400.3602,394.6955,396.0734,16756
2026-06-05,"TSLA",396.0734,400.9464,394.8129,397.6531,16069
2026-06-06,"TSLA",397.6531,406.9972,396.8874,405.0045,26460
2026-06-07,"TSLA",405.0045,409.1473,404.3543,408.2197,19317
2026-06-08,"TSLA",408.2197,414.618,407.8775,412.4313,30896
2026-06-09,"TSLA",412.4313,416.5163,411.5758,415.6806,8593
2026-06-10,"TSLA",415.6806,416.677,414.2391,414.6019,12513
2026-06-11,"TSLA",414.6019,418.2264,412.6161,417.4288,9834
2026-06-12,"TSLA",417.4288,421.7963,416.8105,419.267,30495
2026-06-13,"TSLA",419.267,420.8208,418.8681,419.8447,10192
2026-06-14,"TSLA",419.8447,420.6394,412.1456,412.4518,14087
2026-06-15,"TSLA",412.4518,417.7838,411.6436,417.3429,18424
2026-06-16,"TSLA",417.3429,420.6501,416.4216,419.6327,19140
2026-06-17,"TSLA",419.6327,421.9865,417.3692,418.1544,9615
2026-06-18,"TSLA",418.1544,421.9578,417.9914,420.3106,9520
2026-06-19,"TSLA",420.3106,421.3388,415.3639,415.8968,37483
2026-06-20,"TSLA",415.8968,417.1632,411.67,413.6234,5966
2026-06-21,"TSLA",413.6234,415.0834,400.3141,400.3379,29177
2026-06-22,"TSLA",400.3379,404.8758,399.203,404.8235,14046
2026-06-23,"TSLA",404.8235,406.2949,404.7842,406.1201,3609
2026-06-24,"TSLA",406.1201,407.8755,405.9118,407.0004,12059
2026-06-25,"TSLA",407.0004,409.149,403.1667,403.8413,16293
2026-06-26,"TSLA",403.8413,405.1029,394.8941,397.0191,5325
2026-06-27,"TSLA",397.0191,402.8228,396.987,402.1448,2660
2026-06-28,"TSLA",402.1448,402.4653,397.4135,398.2334,4158
2026-06-29,"TSLA",398.2334,400.9926,397.2916,398.2418,14623
2026-06-30,"TSLA",398.2418,398.8092,394.7338,395.0107,8986
